0️⃣	tecla: 0	0|cero|tecla
1️⃣	tecla: 1	1|tecla|uno
2️⃣	tecla: 2	2|dos|tecla
3️⃣	tecla: 3	3|tecla|tres
4️⃣	tecla: 4	4|cuatro|tecla
5️⃣	tecla: 5	5|cinco|tecla
6️⃣	tecla: 6	6|seis|tecla
7️⃣	tecla: 7	7|siete|tecla
8️⃣	tecla: 8	8|ocho|tecla
9️⃣	tecla: 9	9|nueve|tecla
©️	copyright	c|copyright|símbolo
®️	marca registrada	marca registrada|r|símbolo de marca registrada
‼️	exclamación doble	!!|exclamación|exclamación doble|puntuación|sorpresa
⁉️	exclamación e interrogación	!|!?|?|exclamación|exclamación e interrogación|interrogación
™️	símbolo de marca comercial	marca comercial|símbolo de marca comercial
ℹ️	información	i|información
↔️	flecha izquierda y derecha	derecha|dirección|flecha|flecha izquierda y derecha|izquierda
↕️	flecha arriba y abajo	abajo|arriba|dirección|flecha|flecha arriba y abajo
↖️	flecha hacia la esquina superior izquierda	arriba|dirección|flecha|flecha hacia la esquina superior izquierda|izquierda|noroeste
↗️	flecha hacia la esquina superior derecha	arriba|derecha|dirección|flecha|flecha hacia la esquina superior derecha|noreste
↘️	flecha hacia la esquina inferior derecha	abajo|derecha|dirección|flecha|flecha hacia la esquina inferior derecha|sudeste
↙️	flecha hacia la esquina inferior izquierda	abajo|dirección|flecha|flecha hacia la esquina inferior izquierda|izquierda|suroeste
↩️	flecha derecha curvándose a la izquierda	curva|dirección|flecha|flecha derecha curvándose a la izquierda|izquierda
↪️	flecha izquierda curvándose a la derecha	curva|derecha|dirección|flecha|flecha izquierda curvándose a la derecha
⌚	reloj	reloj
⌛	reloj de arena sin tiempo	arena|reloj|reloj de arena sin tiempo|temporizador
⌨️	teclado	ordenador|teclado
⏏️	expulsar	botón|expulsar
⏩	avance rápido	avance rápido|avanzar|doble|flecha
⏪	retroceso rápido	flecha|flecha doble a la izquierda|izquierda|rebobinado|rebobinar|retroceso rápido
⏫	triángulo doble hacia arriba	arriba|flecha|triángulo doble hacia arriba
⏬	triángulo doble hacia abajo	triángulo|triángulo doble abajo|triángulo doble hacia abajo
⏭️	pista siguiente	pista siguiente|raya vertical|siguiente|triángulos
⏮️	pista anterior	atrás|escena anterior|pista anterior|triángulo
⏯️	reproducir o pausa	pausa|reproducir|reproducir o pausa|triángulo
⏰	reloj despertador	alarma|despertador|reloj
⏱️	cronómetro	cronómetro|reloj
⏲️	temporizador	reloj|temporizador
⏳	reloj de arena con tiempo	reloj con arena cayendo|reloj de arena con tiempo|temporizador
⏸️	pausa	barras|botón|pausa|vertical
⏹️	detener	botón|cuadrado|detener|parar
⏺️	grabar	botón|círculo|grabar
Ⓜ️	m en círculo	círculo|m|m en círculo
▪️	cuadrado negro pequeño	cuadrado|cuadrado negro pequeño|geometría|negro
▫️	cuadrado blanco pequeño	blanco|cuadrado|cuadrado blanco pequeño|geometría
▶️	reproducir	botón de reproducción|flecha|reproducir|triángulo
◀️	retroceso	izquierda|retroceso|triángulo
◻️	cuadrado blanco mediano	blanco|cuadrado|cuadrado blanco mediano|geometría
◼️	cuadrado negro mediano	cuadrado|cuadrado negro mediano|geometría|negro
◽	cuadrado blanco mediano-pequeño	blanco|cuadrado|cuadrado blanco mediano-pequeño|geometría
◾	cuadrado negro mediano-pequeño	cuadrado|cuadrado negro mediano-pequeño|geometría|negro
☀️	sol	espacio|rayos|sol|soleado
☁️	nube	nube|tiempo
☂️	paraguas	lluvia|paraguas|paraguas abierto
☃️	muñeco de nieve con nieve	muñeco de nieve con nieve|nieve
☄️	meteorito	cometa|espacio|meteorito
☎️	teléfono	teléfono
☑️	casilla con marca de verificación	✓|casilla|casilla con marca de verificación|marca|selección|verificación
☔	paraguas con gotas de lluvia	gotas|lluvia|paraguas|paraguas con gotas de lluvia
☕	bebida caliente	bebida|café|caliente|té
☘️	trébol	planta|trébol
☝️	dedo índice hacia arriba	apuntar|arriba|dedo|dedo índice hacia arriba|mano
☠️	calavera y huesos cruzados	calavera|calavera y huesos cruzados|cara|huesos|muerte
☢️	radiactivo	radiactividad|radiactivo|radioactividad|radioactivo|señal
☣️	riesgo biológico	peligro|riesgo biológico|señal
☦️	cruz ortodoxa	cruz|cruz ortodoxa|religión
☪️	media luna y estrella	estrella|islam|luna|media luna y estrella|religión
☮️	símbolo de la paz	paz|símbolo de la paz
☯️	yin yang	religión|taoísmo|yang|yin
☸️	rueda del dharma	budismo|dharma|religión|rueda|rueda del dharma
☹️	cara con el ceño fruncido	cara|cara con el ceño fruncido|ceño|fruncido
☺️	cara sonriente	cara|cara sonriente|contorno|relajado|sonrisa
♀️	signo femenino	mujer|signo|signo femenino|símbolo
♂️	signo masculino	hombre|signo|signo masculino|símbolo
♈	Aries	Aries|carnero|horóscopo|zodiaco
♉	Tauro	buey|horóscopo|Tauro|toro|zodiaco
♊	Géminis	gemelos|Géminis|horóscopo|zodiaco
♋	Cáncer	Cáncer|cangrejo|horóscopo|zodiaco
♌	Leo	horóscopo|Leo|león|zodiaco
♍	Virgo	horóscopo|Virgo|zodiaco
♎	Libra	balanza|escala|horóscopo|justicia|Libra|zodiaco
♏	Escorpio	Escorpio|escorpión|horóscopo|zodiaco
♐	Sagitario	arquero|horóscopo|Sagitario|zodiaco
♑	Capricornio	cabra|Capricornio|horóscopo|zodiaco
♒	Acuario	Acuario|agua|horóscopo|zodiaco
♓	Piscis	horóscopo|pescado|pez|Piscis|zodiaco
♟️	peón de ajedrez	ajedrez|peón|peón de ajedrez
♠️	palo de picas	carta|juego|palo|palo de picas|picas
♣️	palo de tréboles	carta|juego|palo|palo de tréboles|tréboles
♥️	palo de corazones	carta|corazones|juego|palo|palo de corazones
♦️	palo de diamantes	carta|diamantes|juego|palo|palo de diamantes
♨️	aguas termales	aguas termales|termas|vapor
♻️	símbolo de reciclaje	reciclaje|reciclar|señal|símbolo de reciclaje|símbolo universal de reciclaje sólido|universal
♾️	infinito	ilimitado|infinito|siempre|universal
♿	símbolo de silla de ruedas	acceso|señal|silla|silla de ruedas|símbolo|símbolo de silla de ruedas
⚒️	martillo y pico	herramienta|martillo|martillo y pico|pico
⚓	ancla	ancla|barco|gancho
⚔️	espadas cruzadas	arma|cruzadas|espadas
⚕️	símbolo de medicina	asclepio|esculapio|medicina|serpiente|símbolo de medicina
⚖️	balanza	balanza|justicia|libra|peso|zodiaco
⚗️	alambique	alambique|herramienta|química
⚙️	engranaje	engranaje|herramienta
⚛️	símbolo de átomo	átomo|símbolo|símbolo de átomo
⚜️	flor de lis	flor|flor de lis|lis
⚠️	advertencia	advertencia|cuidado|señal
⚡	alto voltaje	alto voltaje|electricidad|peligro|peligro de alto voltaje|señal de alto voltaje|voltaje
⚧️	símbolo de transgénero	símbolo de transgénero|transgénero
⚪	círculo blanco	círculo|círculo blanco|geometría
⚫	círculo negro	círculo|círculo negro|geometría
⚰️	ataúd	ataúd|muerte
⚱️	urna funeraria	funeraria|muerte|urna
⚽	balón de fútbol	balón|balón de fútbol|fútbol
⚾	béisbol	balón|baseball|béisbol|pelota
⛄	muñeco de nieve	muñeco de nieve|muñeco de nieve sin nieve|nieve
⛅	sol detrás de una nube	nube|sol|sol con nubes|sol detrás de una nube
⛈️	nube con rayo y lluvia	lluvia|nube|nube con rayo y lluvia|trueno
⛎	Ofiuco	horóscopo|Ofiuco|portador|serpiente|zodiaco
⛏️	pico	herramienta|mina|pico
⛑️	casco con una cruz blanca	ayuda|cara|casco|casco con una cruz blanca|cruz
⛓️	cadenas	cadena|cadenas
⛓️‍💥	cadena rota	cadena|cadena rota|esposas|libertad|romper|rotura
⛔	dirección prohibida	dirección prohibida|no|prohibido|señal|señal de dirección prohibida
⛩️	santuario sintoísta	japón|religión|santuario|santuario sintoísta|sintoísmo
⛪	iglesia	cristianismo|cruz|edificio|iglesia|religión
⛰️	montaña	montaña|monte
⛱️	sombrilla en la arena	arena|sol|sombrilla|sombrilla en la arena
⛲	fuente	fuente
⛳	banderín en hoyo	banderín|banderín en hoyo|golf|hoyo
⛴️	ferri	barco|ferri|ferry
⛵	velero	barco|barco de vela|velero|yate
⛷️	persona esquiando	esquí|esquiador|nieve|persona esquiando
⛸️	patín de hielo	hielo|patín|patín de hielo
⛹️	persona botando un balón	balón|botar|pelota|persona botando un balón
⛹️‍♀️	mujer botando un balón	balón|botar|mujer|mujer botando un balón|pelota
⛹️‍♂️	hombre botando un balón	balón|botar|hombre|hombre botando un balón|pelota
⛺	tienda de campaña	campaña|camping|tienda|tienda de campaña|vacaciones
⛽	surtidor de gasolina	bomba de gasolina|combustible|gasolina|surtidor|surtidor de gasolina
✂️	tijeras	cortar|herramienta|tijeras
✅	botón de marca de verificación	✓|botón|botón de marca de verificación|marca|selección|verificación
✈️	avión	aeroplano|avión
✉️	sobre	carta|correo|sobre
✊	puño en alto	cerrado|mano|puñetazo|puño|puño en alto
✋	mano levantada	choca esos cinco|levantada|mano
✌️	mano con señal de victoria	mano|mano con señal de victoria|señal de victoria|victoria
✍️	mano escribiendo	escribir|lápiz|mano|mano escribiendo
✏️	lápiz	escolar|escribir|lapicero|lápiz
✒️	pluma negra	bolígrafo|escribir|pluma|pluma negra|tinta
✔️	marca de verificación	✓|marca|marca de verificación|selección|verificación
✖️	multiplicación	×|cancelar|marca|multiplicación|prohibido|signo de multiplicación|x
✝️	cruz latina	cristianismo|cruz|cruz latina|religión
✡️	estrella de David	David|estrella|judaísmo|judío|religión
✨	chispas	*|bengala|chispas|estrellas
✳️	asterisco de ocho puntas	*|asterisco|asterisco de ocho puntas
✴️	estrella de ocho puntas	*|estrella|estrella de ocho puntas
❄️	copo de nieve	copo de nieve|frío|nieve
❇️	chispa	*|chispa
❌	marca de cruz	×|cancelar|cruz|marca de cruz|marca de tachado|tachar|x
❎	botón con marca de cruz	×|botón con marca de cruz|casilla|cruz|marca|x
❓	interrogación roja	?|interrogación|interrogación roja|pregunta|puntuación|signo de interrogación
❔	interrogación blanca	?|interrogación|interrogación blanca|pregunta|puntuación
❕	exclamación blanca	!|exclamación|exclamación blanca|puntuación
❗	exclamación roja	!|exclamación|exclamación roja|puntuación|signo de exclamación
❣️	exclamación de corazón	corazón|exclamación|exclamación de corazón|puntuación
❤️	corazón rojo	corazón|emoción|rojo
❤️‍🔥	corazón en llamas	amor|corazón|corazón en llamas|fuego|llamas|lujuria|pasión
❤️‍🩹	corazón vendado	bien|corazón vendado|curarse|mejor|mejorar|recuperación|salud
➕	más	+|más|signo|suma
➖	menos	-|−|menos|resta|signo
➗	división	÷|división|signo|signo de división
➡️	flecha hacia la derecha	derecha|dirección|este|flecha|flecha hacia la derecha
➰	bucle	bucle|giro|tirabuzón
➿	bucle doble	bucle|doble
⤴️	flecha derecha curvándose hacia arriba	arriba|curva|dirección|flecha|flecha derecha curvándose hacia arriba
⤵️	flecha derecha curvándose hacia abajo	abajo|curva|dirección|flecha|flecha derecha curvándose hacia abajo
⬅️	flecha hacia la izquierda	flecha|flecha hacia la izquierda|izquierda|oeste
⬆️	flecha hacia arriba	dirección|flecha|flecha arriba|flecha hacia arriba|norte
⬇️	flecha hacia abajo	abajo|dirección|flecha|flecha hacia abajo|sur
⬛	cuadrado negro grande	cuadrado|cuadrado negro grande|geometría|negro
⬜	cuadrado blanco grande	blanco|cuadrado|cuadrado blanco grande|geometría
⭐	estrella	estelar|estrella
⭕	círculo rojo hueco	aro|círculo|círculo rojo hueco|o|rojo
〰️	guion ondulado	guion|marca de sonido largo|ondulado
〽️	marca de alternancia	alternancia|marca|marca de alternancia
㊗️	ideograma japonés para "enhorabuena"	enhorabuena|ideograma|ideograma japonés para "enhorabuena"|japonés|kanji
㊙️	ideograma japonés para "secreto"	ideograma|ideograma japonés para "secreto"|japonés|kanji|secreto
🀄	dragón rojo de mahjong	dragón rojo|dragón rojo de mahjong|juego|mahjong
🃏	comodín	comodín|joker
🅰️	grupo sanguíneo A	A|grupo|sanguíneo|tipo A
🅱️	grupo sanguíneo B	B|grupo|sanguíneo|tipo B
🅾️	grupo sanguíneo tipo O	grupo sanguíneo|grupo sanguíneo tipo O|o
🅿️	aparcamiento	aparcamiento|p|parking
🆎	grupo sanguíneo AB	AB|grupo|sanguíneo|tipo AB
🆑	borrar	borrar|símbolo
🆒	botón COOL	botón|cool|mola
🆓	botón FREE	botón FREE|gratis|símbolo gratis
🆔	símbolo de identificación	ID|identidad|símbolo de identificación|símbolo identidad
🆕	botón NEW	botón|NEW|nuevo
🆖	botón NG	botón|ng|nuevo
🆗	botón OK	botón|ok
🆘	símbolo de socorro	ayuda|símbolo|símbolo de socorro|socorro|sos
🆙	botón UP!	arriba|botón UP!|información|novedad|símbolo|up
🆚	botón VS	botón VS|contra|frente a|símbolo|versus|vs
🈁	ideograma japonés para "aquí"	“aquí”|ideograma japonés para "aquí"|japonés|katakana
🈂️	ideograma japonés para "de cortesía"	cortesía|ideograma japonés para "de cortesía"|japonés|katakana
🈚	ideograma japonés para "gratis"	gratis|ideograma|ideograma japonés para "gratis"|japonés|kanji
🈯	ideograma japonés para "reservado"	ideograma|ideograma japonés para "reservado"|japonés|kanji|reservado
🈲	ideograma japonés para "prohibido"	ideograma|ideograma japonés para "prohibido"|japonés|kanji|prohibido
🈳	ideograma japonés para "vacante"	ideograma|ideograma japonés para "vacante"|japonés|kanji|vacante
🈴	ideograma japonés para "aprobado"	aprobado|ideograma|ideograma japonés para "aprobado"|japonés|kanji
🈵	ideograma japonés para "completo"	completo|ideograma|ideograma japonés para "completo"|japonés|kanji|lleno
🈶	ideograma japonés para "de pago"	“de pago”|ideograma|ideograma japonés para "de pago"|japonés|kanji
🈷️	ideograma japonés para "cantidad mensual"	“cantidad mensual”|ideograma|ideograma japonés para "cantidad mensual"|japonés|kanji
🈸	ideograma japonés para "aplicación"	aplicación|ideograma|ideograma japonés para "aplicación"|japonés|kanji
🈹	ideograma japonés para "descuento"	descuento|ideograma|ideograma japonés para "descuento"|japonés|kanji
🈺	ideograma japonés para "abierto"	abierto|ideograma|ideograma japonés para "abierto"|japonés|kanji
🉐	ideograma japonés para "ganga"	ganga|ideograma|ideograma japonés para "ganga"|japonés|kanji
🉑	ideograma japonés para "aceptable"	aceptable|ideograma|ideograma japonés para "aceptable"|japonés|kanji
🌀	ciclón	ciclón|mareo|tifón|tornado
🌁	bruma	bruma|niebla
🌂	paraguas cerrado	accesorios|lluvia|paraguas|paraguas cerrado
🌃	noche estrellada	estrellas|noche|noche estrellada
🌄	amanecer sobre montañas	amanecer|amanecer sobre montañas|montaña|salida|sol
🌅	amanecer	amanecer|salida del sol
🌆	ciudad al atardecer	atardecer|ciudad|ciudad al atardecer|edificios|paisaje
🌇	puesta del sol	edificios|puesta del sol
🌈	arcoíris	arcoíris|colores|lluvia
🌉	puente de noche	noche|puente|puente de noche
🌊	ola de mar	mar|océano|ola|ola de mar
🌋	volcán	erupción|erupción volcánica|volcán
🌌	Vía Láctea	espacio|galaxia|láctea|vía
🌍	globo terráqueo mostrando Europa y África	África|Europa|globo terráqueo mostrando Europa y África|mundo|planeta|Tierra
🌎	globo terráqueo mostrando América	América|globo|globo terráqueo mostrando América|mundo|planeta|Tierra
🌏	globo terráqueo mostrando Asia y Australia	Asia|Australia|globo terráqueo mostrando Asia y Australia|mundo|planeta|Tierra
🌐	globo terráqueo con meridianos	globo|globo terráqueo con meridianos|meridianos|mundo|Tierra
🌑	luna nueva	luna|luna nueva|oscuridad
🌒	luna creciente	creciente|cuarto|espacio|luna
🌓	luna en cuarto creciente	creciente|cuarto|espacio|luna|luna en cuarto creciente
🌔	luna gibosa creciente	creciente|gibosa|luna
🌕	luna llena	llena|luna|plenilunio
🌖	luna gibosa menguante	gibosa|luna|menguante
🌗	luna en cuarto menguante	cuarto|luna|luna en cuarto menguante|menguante
🌘	luna menguante	luna|menguante
🌙	luna	creciente|espacio|luna
🌚	luna nueva con cara	cara|espacio|luna|luna nueva con cara
🌛	luna de cuarto creciente con cara	cara|creciente|cuarto|espacio|luna|luna de cuarto creciente con cara
🌜	luna de cuarto menguante con cara	cara|creciente|cuarto|espacio|luna|luna de cuarto menguante con cara
🌝	luna llena con cara	cara|llena|luna|luna llena con cara
🌞	sol con cara	brillante|cara|sol|sol con cara
🌟	estrella brillante	brillante|estrella|resplandeciente
🌠	estrella fugaz	estrella|estrella fugaz|lluvia
🌡️	termómetro	temperatura|termómetro
🌤️	sol detrás de una nube pequeña	nube|sol|sol detrás de una nube pequeña
🌥️	sol detrás de una nube grande	nube|sol|sol detrás de una nube grande
🌦️	sol detrás de una nube con lluvia	lluvia|nube|sol|sol detrás de una nube con lluvia
🌧️	nube con lluvia	lluvia|nube|nube con lluvia
🌨️	nube con nieve	frío|nieve|nube|nube con nieve
🌩️	nube con rayo	nube|nube con rayo|rayo
🌪️	tornado	nube|torbellino|tornado
🌫️	niebla	niebla|nube
🌬️	cara de viento	cara|cara de viento|nube|soplar|viento
🌭	perrito caliente	perrito|perrito caliente|salchicha
🌮	taco	comida|mexicano|taco
🌯	burrito	burrito|comida|mexicano|tex mex|wrap
🌰	castaña	castaña|castaño|fruto seco
🌱	planta joven	planta joven|plantón
🌲	árbol de hoja perenne	árbol|árbol de hoja perenne|hoja perenne|perenne
🌳	árbol de hoja caduca	árbol|árbol de hoja caduca|caducifolio|hoja caduca
🌴	palmera	árbol|árbol de palma|palmera
🌵	cactus	cactus|planta
🌶️	chile picante	chile|picante|planta
🌷	tulipán	flor|tulipán
🌸	flor de cerezo	cerezo|flor|flor de cerezo
🌹	rosa	flor|rosa
🌺	flor de hibisco	flor|flor de hibisco|hibisco
🌻	girasol	flor|girasol|sol
🌼	flor	flor
🌽	espiga de maíz	espiga|espiga de maíz|maíz|mazorca|mijo
🌾	espiga de arroz	arroz|espiga|espiga de arroz|planta
🌿	hierba	hierba|hoja|verde
🍀	trébol de cuatro hojas	suerte|trébol|trébol de cuatro hojas
🍁	hoja de arce	arce|hoja|hoja de arce
🍂	hojas caídas	caída|hojas|hojas caídas
🍃	hojas revoloteando al viento	hoja|hojas revoloteando al viento|revolotear|soplar|viento
🍄	champiñón	champiñón|hongo|seta
🍄‍🟫	champiñón marrón	champiñón marrón|comida|hongo|naturaleza|seta|vegetal
🍅	tomate	ensalada|fruta|tomate|verdura
🍆	berenjena	berenjena|fruto|verdura
🍇	uvas	agracejo|fruta|racimo|uva|uvas
🍈	melón	fruta|melón
🍉	sandía	fruta|sandía
🍊	mandarina	fruta|mandarina|naranja
🍋	limón	cítrico|citrón|fruta|limón
🍋‍🟩	lima	cítrico|fruta|lima|tropical
🍌	plátano	banana|fruta|plátano
🍍	piña	ananás|fruta|piña
🍎	manzana roja	fruta|manzana|poma|roja
🍏	manzana verde	fruta|manzana|poma|verde
🍐	pera	fruta|pera|perilla
🍑	melocotón	durazno|fruta|melocotón
🍒	cerezas	cereza|cerezas|fruta|guindas
🍓	fresa	fresa|fresón|fruta
🍔	hamburguesa	burger|hamburguesa
🍕	pizza	pizza|porción|restaurante
🍖	carne con hueso	carne|carne con hueso|hueso|restaurante
🍗	muslo de pollo	muslo|muslo de pollo|pollo|restaurante
🍘	galleta de arroz	arroz|galleta|galleta de arroz
🍙	bola de arroz	arroz|bola de arroz|japonés|onigiri|restaurante
🍚	arroz cocido	arroz|arroz cocido|restaurante
🍛	arroz con curry	arroz|arroz con curry|curry|restaurante
🍜	tazón de fideos	fideos calientes|fideos chinos|fideos ramen|ramen|tazón de fideos
🍝	espagueti	espagueti|pasta|restaurante
🍞	pan de molde	pan|pan de molde|rebanada|tostada
🍟	patatas fritas	papas fritas|patatas|patatas fritas|restaurante
🍠	patata asada	asada|papa asada|patata|restaurante
🍡	dango	dango|japonés|pincho|postre|restaurante
🍢	brocheta	brocheta|japonés|marisco|oden|pincho
🍣	sushi	restaurante|sushi
🍤	gamba frita	frito|gamba|gamba frita|restaurante
🍥	pastel de pescado japonés	comida japonesa|pastel|pastel de pescado japonés|pescado
🍦	cucurucho de helado	cucurucho|cucurucho de helado|dulce|helado|helado de cucurucho|restaurante
🍧	granizado hawaiano	granizado hawaiano|helado|hielo|postre|raspado
🍨	helado	helado|postre|sorbete
🍩	dónut	berlina|dónut|pastel|rosquilla
🍪	galleta	dulce|galleta|pasta|postre
🍫	tableta de chocolate	barra|chocolate|restaurante|tableta|tableta de chocolate
🍬	caramelo	caramelo|chuche|chuchería|dulce|golosina
🍭	piruleta	chuche|chuchería|dulce|golosina|piruleta
🍮	flan	dulce|flan|postre|pudding
🍯	tarro de miel	dulce|miel|tarro|tarro de miel
🍰	trozo de tarta	pedazo de tarta|restaurante|tarta|trozo de tarta
🍱	caja de bento	bento|caja|caja de bento|comida|restaurante
🍲	olla de comida	comida de olla|olla de comida|puchero|restaurante
🍳	cocinar	cocinar|freír|huevo|sartén
🍴	tenedor y cuchillo	cuchillo|restaurante|tenedor|tenedor y cuchillo
🍵	tazón de té	bebida|taza|tazón de té|té
🍶	sake	bar|bebida|botella|restaurante|sake|tazón
🍷	copa de vino	bar|bebida|copa|copa de vino|vaso|vino
🍸	copa de cóctel	bar|cóctel|copa|copa de cóctel|restaurante
🍹	bebida tropical	bar|bebida|restaurante|tropical
🍺	jarra de cerveza	bar|cerveza|jarra|jarra de cerveza|restaurante
🍻	jarras de cerveza brindando	bar|cerveza|jarra|jarras|jarras de cerveza brindando|restaurante
🍼	biberón	bebé|bibe|biberón|bibi|botella|leche
🍽️	cuchillo y tenedor con un plato	cuchillo|cuchillo y tenedor con un plato|plato|restaurante|tenedor
🍾	botella descorchada	bar|beber|botella|botella descorchada|cava|corcho
🍿	palomitas	maíz|palomitas
🎀	lazo	celebración|lazo
🎁	regalo	celebración|envoltorio|presente|regalo|regalo envuelto
🎂	tarta de cumpleaños	celebración|cumpleaños|tarta|tarta de cumpleaños
🎃	calabaza de Halloween	calabaza|calabaza de Halloween|celebración|Halloween|linterna
🎄	árbol de Navidad	abeto de Navidad|árbol|árbol de Navidad|celebración|Navidad
🎅	Papá Noel	celebración|claus|cuento|fantasía|feliz|fiestas|Navidad|padre|Papá Noel|santa
🎆	fuegos artificiales	celebración|fuegos artificiales
🎇	bengala	bengala|celebración|fuegos artificiales
🎈	globo	celebración|globo
🎉	cañón de confeti	cañón de confeti|celebración|confeti|fiesta
🎊	bola de confeti	bola de confeti|celebración|confeti
🎋	árbol de tanabata	árbol|árbol de tanabata|celebración|festividad|tanabata
🎌	banderas cruzadas	banderas|banderas cruzadas|celebración|japón
🎍	decoración de pino	año nuevo japonés|bambú|celebración|decoración|decoración de pino|kadomatsu
🎎	muñecas japonesas	celebración|festival|hinamatsuri|muñecas|muñecas japonesas
🎏	banderín de carpas	banderín|banderín de carpas|carpa|celebración|koinobori
🎐	campanilla de viento	campanilla|campanilla de viento|furin|viento
🎑	ceremonia de contemplación de la luna	celebración|ceremonia de contemplación de la luna|contemplación|luna|tsukimi
🎒	mochila escolar	colegio|mochila|mochila escolar
🎓	birrete	birrete|celebración|gorro|graduación
🎖️	medalla militar	celebración|medalla|militar
🎗️	lazo conmemorativo	conmemorativo|lazo
🎙️	micrófono de estudio	estudio|micrófono|micrófono de estudio|música
🎚️	control de volumen	control|control de volumen|fader|volumen
🎛️	ruedas de control	control|diales|música|potenciómetros|ruedas|ruedas de control
🎞️	fotograma de película	cine|fotograma|fotograma de película|película
🎟️	entradas	acceso|admisión|entrada|entradas|evento
🎠	caballo de tiovivo	caballo|caballo de tiovivo|entretenimiento|tiovivo
🎡	noria de feria	atracciones|entretenimiento|feria|noria|noria de feria
🎢	montaña rusa	atracciones|entretenimiento|feria|montaña rusa|parque
🎣	caña de pescar	caña|caña de pescar|entretenimiento|esparcimiento|pesca|pez
🎤	micrófono	entretenimiento|karaoke|micro|micrófono
🎥	cámara de cine	cámara|cámara de cine|cine|entretenimiento|película
🎦	cine	cine|entretenimiento|película
🎧	auricular	auricular|cascos
🎨	paleta de pintor	arte|artista|paleta|paleta de pintor|pintura
🎩	sombrero de copa	chistera|copa|ropa|sombrero|sombrero de copa
🎪	carpa de circo	carpa|carpa de circo|circo|entretenimiento
🎫	tique	acceso|admisión|tique
🎬	claqueta	cine|claqueta|claqueta de cine|entretenimiento|película
🎭	máscaras de teatro	actuación|arte|artes escénicas|entretenimiento|máscaras de teatro
🎮	mando de videoconsola	juego|mando|mando de videoconsola|videojuego
🎯	diana	blanco|diana|en el blanco|juego
🎰	máquina tragaperras	juego|máquina|máquina tragaperras
🎱	bola negra de billar	8|billar|bola negra de billar|bola ocho|juego
🎲	dado	dado|juego
🎳	bolos	bola|bola de bolos|bolos|juego
🎴	cartas de flores	carta|cartas de flores|flor|hanafuda|naipe japonés
🎵	nota musical	música|nota|nota musical
🎶	notas musicales	música|notas|notas musicales
🎷	saxofón	instrumento|instrumento musical|música|saxo|saxofón
🎸	guitarra	guitarra|instrumento|instrumento musical|música
🎹	teclado musical	instrumento|instrumento musical|música|piano|teclado|teclado musical
🎺	trompeta	instrumento|instrumento musical|música|trompeta
🎻	violín	instrumento|instrumento musical|música|violín
🎼	pentagrama	música|partitura|pentagrama
🎽	camiseta sin mangas	banda|camiseta con banda|camiseta de correr|camiseta sin mangas|deporte
🎾	pelota de tenis	deporte|pelota|pelota de tenis|tenis
🎿	esquís	esquí|esquíes|esquís|nieve
🏀	balón de baloncesto	balón|balón de baloncesto|canasta|deporte
🏁	bandera de cuadros	bandera|bandera de cuadros|carreras|cuadros|deporte|motor
🏂	practicante de snowboard	nieve|practicante de snowboard|snowboard
🏃	persona corriendo	carrera|deporte|maratón|persona corriendo
🏃‍♀️	mujer corriendo	carrera|correr|maratón|mujer|mujer corriendo
🏃‍♂️	hombre corriendo	carrera|correr|hombre|hombre corriendo|maratón
🏄	persona haciendo surf	persona haciendo surf|surf|surfear
🏄‍♀️	mujer haciendo surf	mujer|mujer haciendo surf|surf|surfera|surfista
🏄‍♂️	hombre haciendo surf	hombre|hombre haciendo surf|surf|surfero|surfista
🏅	medalla deportiva	medalla|medalla deportiva|premio
🏆	trofeo	premio|trofeo
🏇	carrera de caballos	caballo|caballo de carreras|carrera de caballos|carreras|jinete
🏈	balón de fútbol americano	balón|balón de fútbol americano|deporte|fútbol americano
🏉	balón de rugby	balón|balón de rugby|deporte|rugby
🏊	persona nadando	nadar|natación|persona nadando
🏊‍♀️	mujer nadando	mujer|mujer nadando|nadar
🏊‍♂️	hombre nadando	hombre|hombre nadando|nadar
🏋️	persona levantando pesas	halterofilia|levantador|persona levantando pesas|pesas|peso
🏋️‍♀️	mujer levantando pesas	halterofilia|levantadora de pesas|mujer|mujer levantando pesas|pesas
🏋️‍♂️	hombre levantando pesas	halterofilia|hombre|hombre levantando pesas|levantador de pesas|pesas
🏌️	persona jugando al golf	golf|golfista|pelota|persona jugando al golf
🏌️‍♀️	mujer jugando al golf	golf|jugadora|mujer|mujer jugando al golf
🏌️‍♂️	hombre jugando al golf	golf|hombre|hombre jugando al golf|jugador
🏍️	moto	carreras|moto|motocicleta|vehículo
🏎️	coche de carreras	carreras|coche|coche de carreras
🏏	críquet	críquet|juego|pelota
🏐	pelota de voleibol	balón|juego|pelota|pelota de voleibol|voleibol
🏑	hockey sobre hierba	hierba|hockey|hockey sobre hierba|juego|palo|pelota
🏒	hockey sobre hielo	disco|hielo|hockey|hockey sobre hielo|palo
🏓	tenis de mesa	juego|mesa|pelota|ping pong|tenis de mesa
🏔️	montaña con nieve	frío|montaña|montaña con nieve|nieve
🏕️	camping	acampada|campamento|camping|vacaciones
🏖️	playa y sombrilla	playa|playa y sombrilla|sombrilla
🏗️	construcción	construcción|edificio|obra
🏘️	casas	casas|edificio|urbanización
🏙️	paisaje urbano	ciudad|edificio|paisaje|paisaje urbano
🏚️	casa abandonada	abandonada|casa|deshabitada|inhabitada|vacía
🏛️	edificio clásico	clásico|edificio
🏜️	desierto	arena|desierto
🏝️	isla desierta	desierta|isla
🏞️	parque nacional	nacional|parque
🏟️	estadio	estadio
🏠	casa	casa|vivienda
🏡	casa con jardín	casa|casa con jardín|construcción|jardín|vivienda
🏢	edificio de oficinas	construcción|edificio|edificio de oficinas|oficinas
🏣	oficina de correos japonesa	correos|edificio|japón|oficina de correos|oficina de correos japonesa
🏤	oficina de correos europea	correos|edificio|europa|oficina de correos|oficina de correos europea
🏥	hospital	doctor|edificio|hospital|medicina|médico
🏦	banco	banca|banco|edificio
🏧	señal de cajero automático	atm|banco|cajero|señal de cajero automático
🏨	hotel	alojamiento|edificio|hotel|turismo
🏩	hotel del amor	amor|edificio|hotel|hotel del amor
🏪	tienda 24 horas	edificio|establecimiento|tienda 24 horas|tienda de comestibles
🏫	colegio	colegio|edificio|escuela
🏬	grandes almacenes	comercio|grandes almacenes
🏭	fábrica	edificio|fábrica|industria
🏮	lámpara japonesa	izakaya|lámpara japonesa|lámpara roja|linterna izakaya|linterna japonesa|restaurante
🏯	castillo japonés	castillo|castillo japonés|construcción
🏰	castillo europeo	castillo|castillo europeo|construcción
🏳️	bandera blanca	bandera|blanca|ondear
🏳️‍⚧️	bandera transgénero	azul|bandera|blanco|LGTB|rosa|transgénero
🏳️‍🌈	bandera del arcoíris	arcoíris|bandera|bandera del arcoíris
🏴	bandera negra	bandera|negra|ondear
🏴‍☠️	bandera pirata	bandera pirata|botín|Jolly Roger|pirata|tesoro
🏵️	roseta	flor|planta|roseta
🏷️	etiqueta	etiqueta
🏸	bádminton	bádminton|pluma|raqueta|volante
🏹	arco y flecha	arco|arco y flecha|arquero|flecha|sagitario|zodiaco
🏺	ánfora	acuario|ánfora|beber|jarra|zodiaco
🐀	rata	rata|roedor
🐁	ratón	ratón|roedor
🐂	buey	buey|cabestro|tauro|zodiaco
🐃	búfalo de agua	agua|búfalo|búfalo de agua
🐄	vaca	bovino|res|vaca
🐅	tigre	felino|tigre
🐆	leopardo	felino|leopardo
🐇	conejo	conejito|conejo|gazapo
🐈	gato	gatete|gato|minino
🐈‍⬛	gato negro	gato|mala suerte|negro
🐉	dragón	cuento|dragón|fantasía
🐊	cocodrilo	caimán|cocodrilo
🐋	ballena	ballena|cachalote|cetáceo
🐌	caracol	caracol|caracola|molusco
🐍	serpiente	culebra|reptil|serpiente|víbora
🐎	caballo	caballo|caballo de carreras|carreras de caballos|ecuestre
🐏	carnero	aries|carnero|morueco|zodiaco
🐐	cabra	cabra|capricornio|caprino|chivo|zodiaco
🐑	oveja	borrego|cordero|oveja|ovino
🐒	mono	macaco|mono|simio
🐓	gallo	ave|gallina|gallinácea|gallo|pollo
🐔	gallina	ave|gallina|gallinácea|pollo
🐕	perro	cachorro|perrete|perrito|perro
🐕‍🦺	perro de servicio	accesibilidad|apoyo|asistencia|perro|perro de servicio|servicio
🐖	cerdo	cerdo|cochino|gorrino|puerco
🐗	jabalí	cerdo salvaje|jabalí
🐘	elefante	elefante|paquidermo
🐙	pulpo	cefalópodo|octópodo|pulpo
🐚	caracola	caracola|concha|espiral
🐛	bicho	bicho|gusano|insecto
🐜	hormiga	antenas|hormiga|insecto
🐝	abeja	abeja|insecto|miel
🐞	mariquita	cochinilla|insecto|mariquita
🐟	pez	pececillo|pescado|pez|piscis|zodiaco
🐠	pez tropical	pez|tropical
🐡	pez globo	globo|pez
🐢	tortuga	galápago|tortuga
🐣	pollito rompiendo el cascarón	ave|huevo|pollito|pollito rompiendo el cascarón|pollo
🐤	pollito	ave|pollito|pollo|polluelo
🐥	pollito de frente	ave|pollito|pollito de frente|pollo
🐦	pájaro	ave|pajarillo|pájaro
🐦‍⬛	pájaro negro	cuervo|grajo|mirlo|negro|pájaro
🐦‍🔥	fénix	ave de fuego|ave fénix|fantasía|fénix|reencarnación|renacer
🐧	pingüino	ave|pingüino
🐨	koala	cara|koala|marsupial
🐩	caniche	caniche|perrito|perro
🐪	dromedario	camello|desierto|dromedario|joroba
🐫	camello	bactriano|camello|desierto|dromedario|jorobas
🐬	delfín	cetáceo|delfín
🐭	cara de ratón	cara|cara de ratón|ratón
🐮	cara de vaca	cara|cara de vaca|vaca
🐯	cara de tigre	cara|cara de tigre|tigre
🐰	cara de conejo	cara|cara de conejo|conejo|mascota
🐱	cara de gato	cara|cara de gato|gato|mascota
🐲	cara de dragón	cara|cara de dragón|cuento|dragón|fantasía
🐳	ballena soltando un chorro	ballena|ballena soltando un chorro|chorro de agua
🐴	cara de caballo	caballo|cara|cara de caballo
🐵	cara de mono	cara|cara de mono|mono
🐶	cara de perro	cara|cara de perro|mascota|perro
🐷	cara de cerdo	cara|cara de cerdo|cerdo|gorrino
🐸	rana	cara|rana
🐹	hámster	cara|hámster|mascota
🐺	lobo	cara|lobo
🐻	oso	cara|oso
🐻‍❄️	oso polar	ártico|blanco|oso|polar
🐼	panda	cara|oso panda|panda
🐽	nariz de cerdo	cara|cerdo|morro|nariz|nariz de cerdo
🐾	huellas de pezuñas	huellas|huellas de pezuñas|pezuñas
🐿️	ardilla	ardilla
👀	ojos	cara|ojos
👁️	ojo	cuerpo|ojo
👁️‍🗨️	ojo en bocadillo de texto	bocadillo de texto|ojo|ojo en bocadillo de texto|testigo
👂	oreja	cuerpo|oreja
👃	nariz	cuerpo|nariz
👄	boca	boca|labios
👅	lengua	cuerpo|lengua
👆	dorso de mano con índice hacia arriba	apuntar|arriba|dedo|dorso de mano con índice hacia arriba|mano
👇	dorso de mano con índice hacia abajo	abajo|apuntar|dedo|dorso de mano con índice hacia abajo|mano
👈	dorso de mano con índice a la izquierda	dedo|dorso de mano con índice a la izquierda|índice|izquierda|mano
👉	dorso de mano con índice a la derecha	dedo|derecha|dorso de mano con índice a la derecha|índice|mano
👊	puño cerrado	puñetazo|puño|puño cerrado
👋	mano saludando	agitar|mano|mano saludando|saludar|saludo
👌	señal de aprobación con la mano	aprobación|mano|ok|señal de aprobación con la mano
👍	pulgar hacia arriba	arriba|mano|pulgar|pulgar hacia arriba|señal
👎	pulgar hacia abajo	abajo|mano|pulgar|pulgar hacia abajo|señal
👏	manos aplaudiendo	aplaudir|manos|manos aplaudiendo|palmas|señal
👐	manos abiertas	abiertas|manos
👑	corona	accesorios|complementos|corona|reina|rey
👒	sombrero de mujer	accesorio|mujer|ropa|sombrero|sombrero de mujer
👓	gafas	accesorios|gafas|ojo|ropa
👔	corbata	accesorio|corbata|ropa
👕	camiseta	camiseta|ropa
👖	vaqueros	pantalones|ropa|vaqueros
👗	vestido	mujer|ropa|vestido
👘	kimono	japonés|kimono|ropa
👙	bikini	baño|bikini|playa|ropa
👚	ropa de mujer	blusa|camisa|femenina|ropa|ropa de mujer
👛	monedero	accesorios|cartera|complementos|monedero
👜	bolso	accesorios|bolso|complementos
👝	bolso de mano	accesorios|bolso|bolso de mano|cartera|complementos
👞	zapato de hombre	calzado|hombre|ropa|zapato|zapato de hombre
👟	zapatilla deportiva	calzado|correr|ropa|tenis|zapatilla deportiva
👠	zapato de tacón	mujer|tacón|zapato|zapato de tacón
👡	sandalia de mujer	calzado|mujer|ropa|sandalia|sandalia de mujer
👢	bota de mujer	bota|bota de mujer|calzado|mujer|ropa
👣	huellas de pies	huellas|huellas de pies|pies
👤	silueta de busto	busto|silueta|silueta de busto
👥	dos siluetas de bustos	bustos|dos siluetas de bustos|siluetas
👦	niño	joven|niño
👧	niña	chica|joven|niña
👨	hombre	adulto|hombre
👨‍⚕️	profesional sanitario hombre	doctor|enfermero|médico|profesional sanitario hombre|sanitario|terapeuta hombre
👨‍⚖️	fiscal hombre	fiscal hombre|hombre|juez|justicia|magistrado
👨‍✈️	piloto hombre	avión|capitán|hombre|piloto|vuelo
👨‍🌾	profesional de la agricultura hombre	agricultor|campo|granjero|hombre|labrador|profesional de la agricultura hombre
👨‍🍳	chef hombre	chef|cocinero|hombre|pinche
👨‍🍼	hombre alimentando a bebé	alimentar|amamantar|bebé|hombre|hombre alimentando a bebé|lactancia
👨‍🎓	estudiante hombre	estudiante|graduado|hombre|licenciado|universitario
👨‍🎤	cantante hombre	artista|cantante hombre|estrella|hombre|rock
👨‍🎨	artista hombre	artista hombre|hombre|paleta|pintor|pinturas
👨‍🏫	docente hombre	docente hombre|educador|hombre|instructor|maestro|profesor
👨‍🏭	profesional industrial hombre	fábrica|montaje|obrero|operario|profesional industrial hombre|trabajador
👨‍💻	profesional de la tecnología hombre	desarrollador|hombre|informático|profesional de la tecnología hombre|programador|tecnólogo
👨‍💼	oficinista hombre	director|ejecutivo|empresa|hombre|oficina|oficinista
👨‍🔧	profesional de la mecánica hombre	electricista|fontanero|hombre|mecánico|operario|profesional de la mecánica hombre
👨‍🔬	profesional de la ciencia hombre	biólogo|científico|físico|hombre|profesional de la ciencia hombre|químico
👨‍🚀	astronauta hombre	astronauta|cohete|espacio|hombre
👨‍🚒	bombero hombre	apagafuegos|bombero|bombero hombre|camión|manguera
👨‍🦯	hombre con bastón	accesibilidad|bastón|ciego|hombre|hombre con bastón|invidente
👨‍🦼	hombre en silla de ruedas eléctrica	accesibilidad|hombre|hombre en silla de ruedas eléctrica|silla de ruedas
👨‍🦽	hombre en silla de ruedas manual	accesibilidad|hombre|hombre en silla de ruedas manual|silla de ruedas
👩	mujer	adulta|mujer
👩‍⚕️	profesional sanitario mujer	doctora|enfermera|médica|profesional sanitario mujer|sanitaria|terapeuta mujer
👩‍⚖️	fiscal mujer	fiscal mujer|jueza|justicia|magistrada|mujer
👩‍✈️	piloto mujer	avión|capitana|mujer|piloto|vuelo
👩‍🌾	profesional de la agricultura mujer	agricultora|campo|granjera|labradora|mujer|profesional de la agricultura mujer
👩‍🍳	chef mujer	chef|cocinera|mujer|pinche
👩‍🍼	mujer alimentando a bebé	alimentar|amamantar|bebé|lactancia|mujer|mujer alimentando a bebé
👩‍🎓	estudiante mujer	estudiante|graduada|licenciada|mujer|universitaria
👩‍🎤	cantante mujer	artista|cantante mujer|estrella|mujer|rock
👩‍🎨	artista mujer	artista mujer|mujer|paleta|pintora|pinturas
👩‍🏫	docente mujer	docente mujer|educadora|instructora|maestra|mujer|profesora
👩‍🏭	profesional industrial mujer	fábrica|montaje|obrera|operaria|profesional industrial mujer|trabajadora
👩‍💻	profesional de la tecnología mujer	desarrolladora|informática|mujer|profesional de la tecnología mujer|programadora|tecnóloga
👩‍💼	oficinista mujer	directora|ejecutiva|empresa|mujer|oficina|oficinista
👩‍🔧	profesional de la mecánica mujer	electricista|fontanera|mecánica|mujer|operaria|profesional de la mecánica mujer
👩‍🔬	profesional de la ciencia mujer	bióloga|científica|física|mujer|profesional de la ciencia mujer|química
👩‍🚀	astronauta mujer	astronauta|cohete|espacio|mujer
👩‍🚒	bombera	apagafuegos|bombera|bombera mujera|camión|manguera
👩‍🦯	mujer con bastón	accesibilidad|bastón|ciega|invidente|mujer|mujer con bastón
👩‍🦼	mujer en silla de ruedas eléctrica	accesibilidad|mujer|mujer en silla de ruedas eléctrica|silla de ruedas
👩‍🦽	mujer en silla de ruedas manual	accesibilidad|mujer|mujer en silla de ruedas manual|silla de ruedas
👪	familia	familia
👫	mujer y hombre de la mano	hombre|hombre y mujer de la mano|mujer|mujer y hombre de la mano|novios|pareja
👬	hombres de la mano	gays|hombres|hombres de la mano|novios|pareja
👭	mujeres de la mano	lesbianas|mujeres|mujeres de la mano|novias|pareja
👮	agente de policía	agente|agente de policía|personas|policía
👮‍♀️	agente de policía mujer	agente|agente de policía mujer|mujer|poli|policía
👮‍♂️	agente de policía hombre	agente|agente de policía hombre|hombre|poli|policía
👯	personas con orejas de conejo	bailar|fiesta|orejas de conejo|personas|personas con orejas de conejo
👯‍♀️	mujeres con orejas de conejo	bailar|fiesta|mujer|mujeres con orejas de conejo|orejas de conejo
👯‍♂️	hombres con orejas de conejo	bailar|fiesta|hombre|hombres con orejas de conejo|orejas de conejo
👰	persona con velo	boda|novia|persona|persona con velo|velo
👰‍♀️	mujer con velo	boda|mujer|mujer con velo|novia|velo
👰‍♂️	hombre con velo	boda|hombre|hombre con velo|novio|velo
👱	persona adulta rubia	persona adulta rubia|rubia|rubias|rubio|rubios
👱‍♀️	mujer rubia	mujer|rubia|rubiales
👱‍♂️	hombre rubio	hombre|rubiales|rubio
👲	persona con gorro chino	gorro|gua|gua pi mao|mao|persona|persona con gorro chino
👳	persona con turbante	persona con turbante|turbante
👳‍♀️	mujer con turbante	mujer|mujer con turbante|turbante
👳‍♂️	hombre con turbante	hombre|hombre con turbante|turbante
👴	anciano	anciano|hombre|mayor
👵	anciana	anciana|mayor|mujer
👶	bebé	bebé|joven|niño
👷	profesional de la construcción	casco|construcción|obrero|profesional de la construcción|trabajador
👷‍♀️	profesional de la construcción mujer	albañila|construcción|mujer|obrera|profesional de la construcción mujer|trabajadora
👷‍♂️	profesional de la construcción hombre	albañil|construcción|hombre|obrero|profesional de la construcción hombre|trabajador
👸	princesa	cuento|fantasía|hadas|princesa
👹	demonio japonés oni	cara|cuento|cuernos|demonio japonés oni|sonrisa
👺	demonio japonés tengu	cara|cuento|demonio japonés tengu|fantasía|monstruo|tengu
👻	fantasma	cara|criatura|cuento|fantasma|monstruo
👼	bebé ángel	ángel|bebé|cara|cuento
👽	alienígena	alien|alienígena|cara|criatura|extraterrestre|ovni
👾	monstruo alienígena	alien|cara|criatura|extraterrestre|monstruo alienígena|ovni
👿	cara enfadada con cuernos	cara|cara enfadada con cuernos|cuernos|demonio|diablo
💀	calavera	calavera|cara|cuento|monstruo|muerte
💁	persona de mostrador de información	información|mano|mostrador|persona|persona de mostrador de información
💁‍♀️	empleada de mostrador de información	empleada de mostrador de información|información|mano|mostrador|mujer
💁‍♂️	empleado de mostrador de información	empleado de mostrador de información|hombre|información|mano|mostrador
💂	guardia	guardia|guardia real británica
💂‍♀️	guardia mujer	guardia|mujer|vigilante
💂‍♂️	guardia hombre	guardia|hombre|vigilante
💃	mujer bailando	bailar|mujer|mujer bailando
💄	pintalabios	barra|cosmética|labios|maquillaje|pintalabios
💅	pintarse las uñas	cosmética|esmalte|manicura|pintarse las uñas|uñas
💆	persona recibiendo masaje	cara|facial|masaje|persona recibiendo masaje|salón
💆‍♀️	mujer recibiendo masaje	cara|facial|masaje|mujer recibiendo masaje|salón
💆‍♂️	hombre recibiendo masaje	cara|facial|hombre recibiendo masaje|masaje|salón
💇	persona cortándose el pelo	belleza|corte|pelo|peluquero|persona cortándose el pelo
💇‍♀️	mujer cortándose el pelo	belleza|corte|mujer cortándose el pelo|pelo|peluquero
💇‍♂️	hombre cortándose el pelo	belleza|corte|hombre cortándose el pelo|pelo|peluquero
💈	poste de barbero	barbería|barbero|peluquero|poste|poste de barbero
💉	jeringuilla	aguja|jeringa|jeringuilla|medicina|médico
💊	píldora	comprimido|medicina|médico|pastilla|píldora
💋	marca de beso	beso|labios|marca de beso|romance
💌	carta de amor	amor|carta|carta de amor|corazón|correo
💍	anillo	anillo|diamante
💎	piedra preciosa	diamante|gema|joya|piedra|preciosa
💏	beso	beso|personas|romance
💐	ramo de flores	bouquet|flores|ramo|ramo de flores
💑	pareja enamorada	amor|pareja|pareja enamorada|personas enamoradas
💒	iglesia celebrando boda	boda|iglesia|iglesia celebrando boda|romance
💓	corazón latiendo	amor|corazón|corazón latiendo|emoción|latido
💔	corazón roto	corazón|emoción|partido|roto
💕	dos corazones	amantes|amor|corazón|dos corazones
💖	corazón brillante	amor|brillante|corazón brillante|emoción
💗	corazón creciente	corazón|creciente|emocionado|latido|nervioso
💘	corazón con flecha	amor|corazón|corazón con flecha|emoción|flecha
💙	corazón azul	azul|corazón|emoción
💚	corazón verde	corazón|emoción|verde
💛	corazón amarillo	amarillo|corazón|emoción
💜	corazón morado	corazón|emoción|morado
💝	corazón con lazo	corazón|corazón con lazo|emoción|lazo|san valentín
💞	corazones giratorios	corazón|corazones giratorios|giratorio
💟	adorno de corazón	adorno de corazón|corazón
💠	rombo con pétalo	flor|geometría|rombo|rombo con pétalo
💡	bombilla	bombilla|cómic|electricidad|idea|luz
💢	símbolo de enfado	cómic|enfadado|enfado|símbolo de enfado
💣	bomba	bomba|cómic|emoción
💤	símbolo de sueño	cómic|dormir|símbolo de sueño|sueño|zzz
💥	colisión	colisión|cómic
💦	gotas de sudor	cómic|emoción|gotas de sudor|sudor
💧	gota	agua|cómic|gota|sudor
💨	salir corriendo	carrera|cómic|correr|humo|salir corriendo
💩	caca con ojos	caca|caca con ojos|cómic|mierda|mojón
💪	bíceps flexionado	bíceps|cómic|flexionado|fuerte|músculo
💫	símbolo de mareo	cómic|emoción|estrella|mareo|símbolo de mareo
💬	bocadillo de diálogo	bocadillo|bocadillo de diálogo|cómic|conversación|diálogo
💭	bocadillo de pensamiento	bocadillo|bocadillo de pensamiento|burbuja|cómic|pensamiento
💮	flor blanca	blanca|flor
💯	cien puntos	100|cien puntos|pleno|puntos
💰	bolsa de dinero	bolsa|bolsa de dinero|bolsa de dólares|dinero
💱	cambio de divisas	cambio|cambio de divisas|dinero|divisa|moneda
💲	símbolo de dólar	dinero|dólar|símbolo|símbolo de dólar
💳	tarjeta de crédito	crédito|tarjeta|tarjeta de crédito
💴	billete de yen	billete|billete de banco|billete de yen|dinero|yen
💵	billete de dólar	billete|billete de banco|billete de dólar|dinero|dólar
💶	billete de euro	billete|billete de banco|billete de euro|dinero|euro
💷	billete de libra	billete de banco|billete de libra|dinero|libra
💸	billete con alas	billete|billete con alas|billete de banco|dinero|dinero con alas
💹	mercado al alza	alza|mercado|mercado al alza|mercado alcista|tabla
💺	asiento de transporte	asiento|asiento de transporte|plaza|silla
💻	ordenador portátil	ordenador|ordenador portátil|pc|personal
💼	maletín	cartera|documentos|maletín
💽	minidisc	disco|md|minidisc
💾	disquete	disco|disco de 3 1/2|disquete
💿	disco óptico	cd|disco|disco óptico
📀	disco DVD	disco|dvd
📁	carpeta de archivos	archivo|carpeta|carpeta de archivos
📂	carpeta de archivos abierta	abierta|archivo|carpeta|carpeta de archivos abierta
📃	página doblada	documento|página|página doblada
📄	página hacia arriba	anverso|documento|página|página hacia arriba
📅	calendario	calendario|fecha
📆	calendario recortable	calendario|calendario recortable|fecha
📇	organizador de fichas	cartera|ficha|organizador|organizador de fichas|tarjetas
📈	gráfica de evolución ascendente	ascendente|gráfica|gráfica de evolución ascendente|gráfico|tendencia ascendente
📉	gráfica de evolución descendente	descendente|gráfica|gráfica de evolución descendente|gráfico|tendencia descendente
📊	gráfico de barras	barras|gráfico|gráfico de barras
📋	portapapeles	papeles|pinza|portapapeles|tabla
📌	chincheta	chincheta|tachuela
📍	chincheta redonda	chincheta|chincheta redonda
📎	clip	clip
📏	regla	regla
📐	escuadra	escuadra|regla|regla triangular|triángulo
📑	marcadores	marcadores|pestañas
📒	libro de contabilidad	cuaderno|libro de contabilidad
📓	cuaderno	cuaderno|libreta
📔	cuaderno con tapa decorativa	cuaderno|cuaderno con tapa decorativa|decoración|tapa
📕	libro cerrado	cerrado|libro
📖	libro abierto	abierto|libro
📗	libro verde	libro|verde
📘	libro azul	azul|libro
📙	libro naranja	libro|naranja
📚	libros	libro|libros
📛	etiqueta identificativa	etiqueta|etiqueta identificativa|nombre
📜	pergamino	pergamino|pergamino de papel
📝	cuaderno de notas	comunicación|cuaderno de notas
📞	auricular de teléfono	auricular de teléfono|comunicación|teléfono
📟	busca	busca|comunicación|localizador
📠	máquina de fax	comunicación|fax|máquina de fax
📡	antena de satélite	antena|antena de satélite|comunicación|satélite
📢	altavoz de mano	altavoz|altavoz de mano|comunicación
📣	megáfono	comunicación|megáfono
📤	bandeja de salida	bandeja|bandeja de salida|comunicación|correo|enviado|salida
📥	bandeja de entrada	bandeja|bandeja de entrada|comunicación|correo|entrada|recibido
📦	paquete	caja|paquete
📧	correo electrónico	comunicación|correo|correo electrónico|sobre
📨	sobre entrante	carta|comunicación|correo|correo electrónico|sobre|sobre entrante
📩	sobre con flecha	carta|comunicación|correo|correo electrónico|sobre|sobre con flecha
📪	buzón cerrado con la bandera bajada	bandera|buzón|buzón cerrado|buzón cerrado con la bandera bajada|vacío
📫	buzón cerrado con la bandera levantada	bandera|buzón|buzón cerrado|buzón cerrado con la bandera levantada|con contenido
📬	buzón abierto con la bandera levantada	bandera|buzón|buzón abierto|buzón abierto con la bandera levantada|con contenido
📭	buzón abierto con la bandera bajada	bandera|buzón|buzón abierto|buzón abierto con la bandera bajada|vacío
📮	buzón	buzón|cartas|correo
📯	corneta de posta	corneta|corneta de posta|posta
📰	periódico	diario|periódico
📱	teléfono móvil	celular|móvil|teléfono
📲	móvil con una flecha	flecha|llamada|móvil|móvil con una flecha|recibir|teléfono
📳	modo vibración	modo vibración|móvil|teléfono|teléfono celular|vibración
📴	teléfono móvil apagado	apagado|móvil|teléfono|teléfono celular
📵	prohibido el uso de móviles	móvil|no hacer llamadas|prohibido|prohibido el uso de móviles|teléfono
📶	barras de cobertura	antena|barras de cobertura|celular|móvil|señal|teléfono
📷	cámara de fotos	cámara|cámara de fotos
📸	cámara con flash	cámara|cámara con flash|flash
📹	videocámara	cámara|vídeo|videocámara
📺	televisión	televisión|tv
📻	radio	radio
📼	cinta de vídeo	cinta|cinta de vídeo
📽️	proyector de cine	cine|película|proyector|proyector de cine
📿	rosario	collar|cuentas|religión|rosario
🔀	reproducción aleatoria	cruzado|flechas|flechas entrecruzadas|reproducción aleatoria
🔁	repetir	flechas|repetición|repetir
🔂	repetir una vez	flechas|repetición|repetir una vez|uno
🔃	flechas verticales en sentido horario	flechas|flechas verticales en sentido horario|flechas verticales sentido horario|horario|señal de recarga
🔄	flechas en sentido antihorario	dirección|flechas|flechas en sentido antihorario|señal de recarga|sentido antihorario
🔅	brillo bajo	bajo|brillo|señal de brillo bajo|tenue
🔆	brillo alto	alto|brillante|brillo|señal de brillo alto
🔇	altavoz silenciado	altavoz|altavoz con marca de cancelación|altavoz silenciado|mute|silencio
🔈	altavoz a volumen bajo	altavoz a volumen bajo|volumen bajo
🔉	altavoz a volumen medio	altavoz a volumen medio|altavoz con volumen medio|medio|volumen medio
🔊	altavoz a volumen alto	altavoz|altavoz a volumen alto|alto|volumen alto
🔋	pila	batería|pila
🔌	enchufe eléctrico	corriente|electricidad|eléctrico|enchufe
🔍	lupa orientada hacia la izquierda	buscar|lupa|lupa orientada hacia la izquierda
🔎	lupa orientada hacia la derecha	buscar|lupa|lupa orientada hacia la derecha
🔏	candado con pluma estilográfica	candado|candado con pluma estilográfica|cerrado|estilográfica|pluma|privacidad
🔐	candado cerrado y llave	candado|candado cerrado y llave|cerrado|llave|seguro
🔑	llave	contraseña|llave
🔒	candado cerrado	candado|cerrado|cerrar
🔓	candado abierto	abierto|abrir|candado
🔔	campana	campana
🔕	campana con signo de cancelación	campana|campana con signo de cancelación|cancelación|ruido
🔖	marcapáginas	marcador|marcapáginas
🔗	eslabón	eslabón
🔘	botón de opción	botón|botón de opción|opción
🔙	flecha BACK	atrás|atrás con flecha izquierda|back|flecha|flecha a la izquierda
🔚	flecha END	final|final con flecha izquierda|flecha|flecha a la izquierda|flecha END
🔛	flecha ON!	flecha|flecha de doble punta con la palabra "on" encima|flecha ON!|on|señal
🔜	flecha SOON	flecha|soon|soon con flecha a la derecha
🔝	flecha TOP	arriba|flecha hacia arriba|flecha TOP|top|top con flecha hacia arriba
🔞	prohibido para menos de 18 años	18|no apto para menores|prohibido|prohibido para menores de 18 años|prohibido para menos de 18 años
🔠	letras latinas mayúsculas	abcd|letras|letras latinas mayúsculas|mayúsculas
🔡	letras latinas minúsculas	abcd|letras|letras latinas minúsculas|minúsculas
🔢	números	1234|dígitos|números
🔣	símbolos	〒♪&%|símbolos
🔤	alfabeto latino	ABC|alfabeto latino|latino
🔥	fuego	fuego|llama
🔦	linterna	linterna|luz
🔧	llave inglesa	herramienta|llave inglesa
🔨	martillo	herramienta|martillo
🔩	tornillo y tuerca	herramienta|tornillo|tornillo y tuerca|tuerca
🔪	cuchillo de cocina	arma|cocinar|cuchillo|cuchillo de cocina
🔫	pistola de agua	agua|juguete|pistola|pistola de agua|verano
🔬	microscopio	instrumento|laboratorio|microscopio
🔭	telescopio	astronomía|instrumento|telescopio
🔮	bola de cristal	adivinación|bola|bola de cristal|buena fortuna|cristal
🔯	estrella de seis puntas	adivinación|buena fortuna|estrella|estrella de seis puntas|seis puntas
🔰	símbolo japonés para principiante	amarillo|japonés|principiante|símbolo japonés para principiante|verde
🔱	emblema de tridente	ancla|emblema|emblema de tridente|tridente
🔲	botón cuadrado con borde negro	botón|botón cuadrado con borde negro|cuadrado
🔳	botón cuadrado con borde blanco	botón|botón cuadrado con borde blanco|cuadrado
🔴	círculo rojo	círculo|geometría|rojo
🔵	círculo azul	azul|círculo|geometría
🔶	rombo naranja grande	geometría|naranja|rombo|rombo naranja grande
🔷	rombo azul grande	azul|geometría|rombo|rombo azul grande
🔸	rombo naranja pequeño	geometría|naranja|rombo|rombo naranja pequeño
🔹	rombo azul pequeño	azul|geometría|rombo|rombo azul pequeño
🔺	triángulo rojo hacia arriba	geometría|rojo|triángulo|triángulo hacia arriba rojo|triángulo rojo hacia arriba
🔻	triángulo rojo hacia abajo	geometría|rojo|triángulo|triángulo hacia abajo rojo|triángulo rojo hacia abajo
🔼	triángulo hacia arriba	arriba|botón|botón triángulo hacia arriba|triángulo|triángulo hacia arriba
🔽	triángulo hacia abajo	abajo|botón|botón triángulo hacia abajo|triángulo|triángulo hacia abajo
🕉️	om	hindú|om|religión
🕊️	paloma	ave|pájaro|paloma|paz
🕋	Kaaba	hach|islam|Kaaba|musulmán|religión|umrah
🕌	mezquita	islam|mezquita|religión
🕍	sinagoga	judaísmo|religión|sinagoga
🕎	menorá	candelabro|menorá|religión
🕐	1 en punto	1 en punto|1:00|reloj|una
🕑	2 en punto	2 en punto|2:00|dos|reloj
🕒	3 en punto	3 en punto|3:00|reloj|tres
🕓	4 en punto	4 en punto|4:00|cuatro|reloj
🕔	5 en punto	5 en punto|5:00|cinco|reloj
🕕	6 en punto	6 en punto|6:00|reloj|seis
🕖	7 en punto	7 en punto|7:00|reloj|siete
🕗	8 en punto	8 en punto|8:00|ocho|reloj
🕘	9 en punto	9 en punto|9:00|nueve|reloj
🕙	10 en punto	10 en punto|10:00|diez|reloj
🕚	11 en punto	11 en punto|11:00|once|reloj
🕛	12 en punto	12 en punto|12:00|doce|reloj
🕜	una y media	1:30|reloj|una y media
🕝	dos y media	2:30|dos y media|reloj
🕞	tres y media	3:30|reloj|tres y media
🕟	cuatro y media	4:30|cuatro y media|reloj
🕠	cinco y media	5:30|cinco y media|reloj
🕡	seis y media	6:30|reloj|seis y media
🕢	siete y media	7:30|reloj|siete y media
🕣	ocho y media	8:30|ocho y media|reloj
🕤	nueve y media	9:30|nueve y media|reloj
🕥	diez y media	10:30|diez y media|reloj
🕦	once y media	11:30|once y media|reloj
🕧	doce y media	12:30|doce y media|reloj
🕯️	vela	luz|vela
🕰️	reloj de sobremesa	reloj|reloj de sobremesa|sobremesa
🕳️	agujero	agujero|orificio
🕴️	persona trajeada levitando	levitar|negocios|persona|persona trajeada levitando|traje
🕵️	detective	cara|detective|espía
🕵️‍♀️	detective mujer	agente|detective|espía|investigadora|mujer
🕵️‍♂️	detective hombre	agente|detective|espía|hombre|investigador
🕶️	gafas de sol	gafas|gafas de sol|ojo|oscuras|sol
🕷️	araña	araña|insecto
🕸️	tela de araña	araña|tela|tela de araña|telaraña
🕹️	joystick	joystick|juego|mando|palanca|videojuego
🕺	hombre bailando	bailar|hombre|hombre bailando
🖇️	clips unidos	clips|unidos|unión
🖊️	bolígrafo	boli|bolígrafo|escribir
🖋️	estilográfica	bolígrafo|escribir|estilográfica|pluma|tinta
🖌️	pincel	pincel|pintar
🖍️	lápiz de cera	cera|lápiz|lápiz de cera
🖐️	mano abierta	abierta|dedo|mano
🖕	dedo corazón hacia arriba	corazón|dedo|dedo corazón hacia arriba|mano|peineta
🖖	saludo vulcano	mano|saludo|spock|vulcano
🖤	corazón negro	corazón|negro
🖥️	ordenador de sobremesa	ordenador|ordenador de sobremesa|sobremesa
🖨️	impresora	impresora|ordenador
🖱️	ratón de ordenador	ordenador|ratón|ratón de ordenador
🖲️	bola de desplazamiento	bola de desplazamiento|ordenador|trackball
🖼️	cuadro enmarcado	cuadro enmarcado|marco|museo
🗂️	separador de fichas	fichas|fichero|separador|separador de fichas
🗃️	archivador de tarjetas	archivador|archivador de tarjetas|archivo|caja
🗄️	archivador	archivador|archivos|oficina|organizador
🗑️	papelera	basura|cubo|papelera
🗒️	bloc de notas de espiral	bloc|bloc de notas de espiral|cuaderno|espiral|notas
🗓️	calendario de espiral	calendario|calendario de espiral|espiral
🗜️	tornillo de banco	herramienta|tornillo|tornillo de banco
🗝️	llave antigua	antigua|llave
🗞️	periódico enrollado	noticias|papel|periódico|periódico enrollado
🗡️	puñal	arma|cuchillo|daga|puñal
🗣️	cabeza parlante	cabeza|cabeza parlante|cara|hablar|silueta
🗨️	bocadillo de diálogo por la izquierda	bocadillo|bocadillo de diálogo por la izquierda|burbuja|conversación|diálogo
🗯️	bocadillo de enfado por la derecha	bocadillo|bocadillo de enfado por la derecha|cabreo|enfado|rabia
🗳️	urna con papeleta	papeleta|urna|urna con papeleta|voto
🗺️	mapa mundial	mapa|mapa mundial|mapamundi|mundo
🗻	monte Fuji	Fuji|montaña|monte|naturaleza
🗼	Torre de Tokio	Tokio|torre|Torre de Tokio
🗽	Estatua de la Libertad	estatua|Estatua de la Libertad|libertad|nueva|ny|nyc|york
🗾	mapa de Japón	Japón|mapa
🗿	estatua moái	estatua|moái|Pascua
😀	cara sonriendo	cara|cara sonriendo|divertido|feliz|sonrisa
😁	cara radiante con ojos sonrientes	cara|cara radiante con ojos sonrientes|ojo|risa|sonrisa
😂	cara llorando de risa	cara|cara llorando de risa|felicidad|lágrima|risa
😃	cara sonriendo con ojos grandes	cara|cara sonriendo con ojos grandes|divertido|risa|sonriendo
😄	cara sonriendo con ojos sonrientes	abierta|cara|cara sonriendo con ojos sonrientes|ojo|sonrisa
😅	cara sonriendo con sudor frío	cara|cara sonriendo con sudor frío|frío|risa|sudor
😆	cara sonriendo con los ojos cerrados	abierta|boca|cara|cara sonriendo con los ojos cerrados|risa
😇	cara sonriendo con aureola	ángel|cara|cara sonriendo con aureola|halo|sonrisa
😈	cara sonriendo con cuernos	cara|cara sonriendo con cuernos|cuernos|demonio|sonrisa
😉	cara guiñando el ojo	cara|cara guiñando el ojo|guiño
😊	cara feliz con ojos sonrientes	cara|cara feliz con ojos sonrientes|ojo|rubor|sonrisa
😋	cara saboreando comida	cara|cara saboreando comida|delicioso|hambre|rico
😌	cara de alivio	aliviado|cara|cara de alivio
😍	cara sonriendo con ojos de corazón	amor|cara|cara sonriendo con ojos de corazón|corazón|sonrisa
😎	cara sonriendo con gafas de sol	cara|cara sonriendo con gafas de sol|gafas|guay|sol
😏	cara sonriendo con superioridad	cara|cara sonriendo con superioridad|listillo|superioridad
😐	cara neutral	cara|inexpresivo|neutral
😑	cara sin expresión	cara|cara sin expresión|inexpresión|inexpresiva|inexpresivo
😒	cara de desaprobación	cara|cara de desaprobación|insatisfacción|rechazo
😓	cara con sudor frío	cara|cara con sudor frío|frío|sudor
😔	cara desanimada	alicaído|cara|cara desanimada|desanimado|pensativo
😕	cara de confusión	cara|cara de confusión|confuso
😖	cara de frustración	cara|cara de frustración|frustrado
😗	cara besando	beso|cara|cara besando
😘	cara lanzando un beso	beso|cara|cara lanzando un beso
😙	cara besando con ojos sonrientes	beso|cara|cara besando con ojos sonrientes|ojo|sonrisa
😚	cara besando con los ojos cerrados	beso|cara|cara besando con los ojos cerrados|cerrado|ojo
😛	cara sacando la lengua	cara|cara sacando la lengua|lengua
😜	cara sacando la lengua y guiñando un ojo	cara|cara sacando la lengua y guiñando un ojo|guiño|lengua|ojo
😝	cara con ojos cerrados y lengua fuera	cara|cara con ojos cerrados y lengua fuera|lengua|ojo|sabor
😞	cara decepcionada	cara|cara decepcionada|decepción|decepcionado
😟	cara preocupada	cara|cara preocupada|preocupación|preocupado
😠	cara enfadada	cara|cara enfadada|enfadado|histérico
😡	cara cabreada	cabreo|cara|cara cabreada|enfadado|furia
😢	cara llorando	cara|cara llorando|lágrima|llorar|triste
😣	cara desesperada	cara|cara desesperada|desesperación|frustración
😤	cara resoplando	cabreo|cara|cara resoplando|enfado
😥	cara triste pero aliviada	aliviado|cara|cara triste pero aliviada|decepcionado|menos mal
😦	cara con el ceño fruncido y la boca abierta	boca abierta|cara|cara con el ceño fruncido y la boca abierta|ceño fruncido con boca abierta
😧	cara angustiada	angustia|angustiado|cara|cara angustiada
😨	cara asustada	asustado|cara|cara asustada|miedo|miedoso
😩	cara agotada	agotado|cansado|cara|cara agotada
😪	cara de sueño	cara|cara de sueño|dormir|sueño
😫	cara cansada	cansado|cara|cara cansada
😬	cara haciendo una mueca	cara|cara haciendo una mueca|mueca
😭	cara llorando fuerte	cara|cara llorando fuerte|lágrima|llorar|triste
😮	cara con la boca abierta	boca|cara|cara con la boca abierta
😮‍💨	cara exhalando	alivio|bocanada|cara exhalando|exhalar|jadear|resoplido|silbar
😯	cara estupefacta	alucinado|cara|cara estupefacta|estupefacto|sorprendido
😰	cara con ansiedad y sudor	ansiedad|cara|cara con ansiedad y sudor|frío|sudor
😱	cara gritando de miedo	asustado|cara|cara gritando de miedo|miedo|pánico
😲	cara asombrada	alucinado|asombrado|cara|cara asombrada|pasmado
😳	cara sonrojada	cara|cara sonrojada|colorado|sonrojado
😴	cara durmiendo	cara|cara durmiendo|dormido|sueño|zzz
😵	cara mareada	cara|cara mareada|mareo
😵‍💫	cara con ojos en espiral	cara con ojos en espiral|espiral|hipnotizado|indispuesto|mareado|mareo|problema
😶	cara sin boca	boca|callado|cara|cara sin boca|silencio
😶‍🌫️	cara entre las nubes	ausente|cabeza en las nubes|cara en la niebla|cara entre las nubes|en las nubes
😷	cara con mascarilla médica	cara|cara con mascarilla médica|enfermo|malo|máscara
😸	gato sonriendo con ojos sonrientes	cara|gato|gato sonriendo con ojos sonrientes|ojos|sonriente|sonrisa
😹	gato llorando de risa	cara|gato|gato llorando de risa|lágrima|risa
😺	gato sonriendo	cara|feliz|gato alegre|gato feliz|gato sonriendo|sonrisa
😻	gato sonriendo con ojos de corazón	cara|corazón|enamorado|gato|gato sonriendo con ojos de corazón
😼	gato haciendo una mueca	cara|gato|gato haciendo una mueca|irónico|sonrisa
😽	gato besando	beso|cara|cariñoso|gato|gato besando
😾	gato enfadado	cara|enfadado|gato
😿	gato llorando	cara|gato|gato llorando|lágrima|pena|triste
🙀	gato asustado	cara|gato|gato asustado|pánico|preocupación|sorpresa
🙁	cara con el ceño ligeramente fruncido	cara|cara con el ceño ligeramente fruncido|ceño|fruncido
🙂	cara sonriendo ligeramente	cara|cara sonriendo ligeramente|sonrisa
🙂‍↔️	cabeza negando	cabeza moviéndose horizontalmente|cabeza negando|negar|no
🙂‍↕️	cabeza asintiendo	asentir|cabeza asintiendo|cabeza moviéndose verticalmente|sí
🙃	cara al revés	cara|cara al revés|revés
🙄	cara con ojos en blanco	cara|cara con ojos en blanco|frustración|ojos|vueltos
🙅	persona haciendo el gesto de "no"	gesto|mano|no|persona haciendo el gesto de "no"|prohibido
🙅‍♀️	mujer haciendo el gesto de "no"	gesto|mano|mujer|mujer haciendo el gesto de "no"|prohibido
🙅‍♂️	hombre haciendo el gesto de "no"	gesto|hombre|hombre haciendo el gesto de "no"|mano|prohibido
🙆	persona haciendo el gesto de "de acuerdo"	gesto|mano|OK|persona haciendo el gesto de "de acuerdo"|vale
🙆‍♀️	mujer haciendo el gesto de "de acuerdo"	gesto|mano|mujer haciendo el gesto de "de acuerdo"|OK|vale
🙆‍♂️	hombre haciendo el gesto de "de acuerdo"	gesto|hombre haciendo el gesto de "de acuerdo"|mano|OK|vale
🙇	persona haciendo una reverencia	disculpa|gesto|perdón|persona haciendo una reverencia|reverencia
🙇‍♀️	mujer haciendo una reverencia	disculpa|gesto|mujer haciendo una reverencia|perdón|reverencia
🙇‍♂️	hombre haciendo una reverencia	disculpa|gesto|hombre haciendo una reverencia|perdón|reverencia
🙈	mono con los ojos tapados	cara|mal|mono|mono con los ojos tapados|prohibido
🙉	mono con los oídos tapados	cara|mal|mono|mono con los oídos tapados|prohibido
🙊	mono con la boca tapada	cara|mal|mono|mono con la boca tapada|prohibido
🙋	persona con la mano levantada	feliz|gesto|levantar|mano|persona con la mano levantada
🙋‍♀️	mujer con la mano levantada	gesto|levantar|mano|mujer|mujer con la mano levantada
🙋‍♂️	hombre con la mano levantada	gesto|hombre|hombre con la mano levantada|levantar|mano
🙌	manos levantadas celebrando	celebración|gesto|hurra|mano|manos levantadas celebrando
🙍	persona frunciendo el ceño	ceño|fruncido|gesto|persona|persona frunciendo el ceño
🙍‍♀️	mujer frunciendo el ceño	ceño|fruncido|gesto|mujer|mujer frunciendo el ceño
🙍‍♂️	hombre frunciendo el ceño	ceño|fruncido|gesto|hombre|hombre frunciendo el ceño
🙎	persona haciendo pucheros	gesto|persona|persona haciendo pucheros|pucheros
🙎‍♀️	mujer haciendo pucheros	gesto|mujer|mujer haciendo pucheros|pucheros
🙎‍♂️	hombre haciendo pucheros	gesto|hombre|hombre haciendo pucheros|pucheros
🙏	manos en oración	gracias|mano|manos en oración|oración|orar|por favor|rezar
🚀	cohete	cohete|espacio|vehículo
🚁	helicóptero	aspas|helicóptero|rotores|vehículo|volar
🚂	locomotora de vapor	locomotora|locomotora de vapor|tren|vehículo
🚃	vagón	ferrocarril|tranvía|tren eléctrico|vagón|vehículo
🚄	tren de alta velocidad	AVE|ferrocarril|rápido|tren|tren de alta velocidad|velocidad
🚅	tren bala	bala|shinkansen|tren|vehículo|velocidad
🚆	tren	ferrocarril|tren|vehículo
🚇	metro	metro|subterráneo|suburbano|transporte
🚈	tren ligero	ferrocarril|transporte|tren|tren ligero
🚉	estación de tren	estación|estación de tren|tren
🚊	tranvía	transporte|tranvía|trolebús
🚋	vagón de tranvía	tranvía|vagón|vagón de tranvía|vehículo
🚌	autobús	autobús|bus|transporte
🚍	autobús próximo	autobús|próximo|vehículo
🚎	trolebús	transporte|tranvía|trolebús
🚏	parada de autobús	autobús|parada|parada de autobús
🚐	minibús	autobús|bus|minibús|transporte
🚑	ambulancia	ambulancia|asistencia médica|transporte|vehículo
🚒	coche de bomberos	camión|camión de bomberos|coche de bomberos|fuego|vehículo
🚓	coche de policía	coche de policía|coche patrulla|policía|vehículo
🚔	coche de policía próximo	coche de policía próximo|coche patrulla|policía|próximo|vehículo
🚕	taxi	coche|taxi|vehículo
🚖	taxi próximo	taxi|taxi próximo|vehículo
🚗	coche	automóvil|coche|vehículo
🚘	coche próximo	automóvil|coche|próximo|vehículo
🚙	vehículo deportivo utilitario	camping|caravana|furgoneta|vacaciones|vehículo|vehículo deportivo utilitario
🚚	camión de reparto	camión de reparto|mercancías|reparto|transporte|vehículo
🚛	camión articulado	camión|camión articulado|tráiler|vehículo
🚜	tractor	agricultura|tractor|vehículo
🚝	monorraíl	ferrocarril|monocarril|monorraíl|transporte|tren
🚞	ferrocarril de montaña	ferrocarril|ferrocarril de montaña|montaña|vehículo
🚟	ferrocarril de suspensión	ferrocarril|ferrocarril de suspensión|suspensión|vehículo
🚠	teleférico de montaña	cable|funicular|montaña|teleférico|teleférico de montaña|vehículo
🚡	teleférico	aéreo|teleférico|tranvía|vehículo
🚢	barco	barco|vehículo
🚣	persona remando en un bote	barca|bote|persona remando en un bote|remo
🚣‍♀️	mujer remando en un bote	barca|bote|mujer|mujer remando en un bote|remo
🚣‍♂️	hombre remando en un bote	barca|bote|hombre|hombre remando en un bote|remo
🚤	lancha motora	barco|lancha motora|vehículo
🚥	semáforo horizontal	luz|semáforo horizontal|señales de tráfico|tráfico
🚦	semáforo	luz|semáforo|semáforo vertical|señales de tráfico|tráfico
🚧	obras	construcción|obras|señal|señal de obras
🚨	luces de policía	coche de policía|luces|luces de policía|policía
🚩	bandera triangular	bandera|bandera de localización triangular|bandera informativa de localización|bandera triangular|localización
🚪	puerta	puerta
🚫	prohibido	entrar|no|pasar|prohibición|prohibido
🚬	cigarrillo	cigarrillo|cigarro|fumar
🚭	prohibido fumar	fumar|no|prohibido|señal
🚮	señal de usar papelera	basura|papelera|señal|señal de usar papelera|tirar la basura en la papelera
🚯	prohibido tirar basura	basura|prohibido|prohibido tirar basura|señal|señal de no tirar basura
🚰	agua potable	agua|potable
🚱	agua no potable	agua|agua no potable|no potable
🚲	bicicleta	bici|bicicleta|vehículo
🚳	bicicletas prohibidas	bicicleta|bicicletas prohibidas|prohibido|vehículo
🚴	persona en bicicleta	bicicleta|ciclismo|ciclista|persona en bicicleta
🚴‍♀️	mujer en bicicleta	bicicleta|ciclismo|ciclista|mujer|mujer en bicicleta
🚴‍♂️	hombre en bicicleta	bicicleta|ciclismo|ciclista|hombre|hombre en bicicleta
🚵	persona en bicicleta de montaña	bicicleta|ciclista|montaña|mountain bike|persona en bicicleta de montaña
🚵‍♀️	mujer en bicicleta de montaña	bicicleta|ciclista|montaña|mountain bike|mujer en bicicleta de montaña
🚵‍♂️	hombre en bicicleta de montaña	bicicleta|ciclista|hombre en bicicleta de montaña|montaña|mountain bike
🚶	persona caminando	andar|caminando|caminar|persona caminando
🚶‍♀️	mujer caminando	andar|caminata|marcha|mujer|mujer caminando
🚶‍♂️	hombre caminando	andar|caminata|hombre|hombre caminando|marcha
🚷	prohibido el paso de peatones	peatón|peatones|prohibido|prohibido el paso de peatones|señal
🚸	niños cruzando	cruzando|niños|señal
🚹	aseo para hombres	aseo de caballeros|aseo para hombres|baño|señal|señal con un hombre|servicio
🚺	señal de aseo para mujeres	aseo de señoras|baño|señal|señal con una mujer|señal de aseo para mujeres|servicio
🚻	señal de aseos	aseos|señal de aseos|servicios|wc
🚼	señal de bebé	bebé|cambiar|lactancia|señal de bebé
🚽	inodoro	baño|inodoro|váter|wc
🚾	aseos	aseos|lavabo|servicios|WC
🚿	ducha	agua|baño|ducha
🛀	persona en la bañera	bañera|baño|persona|persona en la bañera
🛁	bañera	bañera|baño
🛂	control de pasaportes	control|control de pasaportes|pasaportes
🛃	aduana	aduana
🛄	recogida de equipajes	equipaje|maleta|recogida de equipajes
🛅	consigna	consigna|depósito|equipaje|servicio de equipaje en depósito
🛋️	sofá y lámpara	hotel|lámpara|sofá|sofá y lámpara
🛌	persona en la cama	dormir|hotel|persona en la cama
🛍️	bolsas de compras	bolsa|bolsas de compras|compra
🛎️	timbre de hotel	botones|campanilla|hotel|timbre|timbre de hotel
🛏️	cama	cama|dormir|hotel
🛐	lugar de culto	culto|lugar de culto|religión
🛑	señal de stop	octágono|parada|señal|señal de stop|stop
🛒	carrito de la compra	carrito|carrito de la compra|carro|compra|supermercado
🛕	templo hindú	hindú|templo
🛖	cabaña	cabaña|casa|yurta
🛗	ascensor	accesibilidad|ascensor|elevador|montacargas
🛘	desprendimiento	alud|avalancha|desastre|montaña|peligro|rocas|terremoto
🛜	wifi	conexión|inalámbrica|internet|red|wi-fi|wifi
🛝	tobogán	jugar|parque|parque de atracciones|tobogán
🛞	rueda	círculo|girar|neumático|rodar|rueda
🛟	salvavidas	flotador|rescate|salvavidas|seguridad|socorrista
🛠️	martillo y llave inglesa	herramienta|llave inglesa|martillo|martillo y llave inglesa
🛡️	escudo	defensa|escudo
🛢️	barril de petróleo	barril|barril de petróleo|bidón|petróleo
🛣️	autopista	autopista|carretera
🛤️	vía de tren	tren|vía|vía de tren
🛥️	barco a motor	barco|barco a motor|motor|vehículo
🛩️	avioneta	avión|avioneta
🛫	avión despegando	aeroplano|avión|avión despegando|salida
🛬	avión aterrizando	aeroplano|avión|avión aterrizando|llegada
🛰️	satélite	espacio|satélite|vehículo
🛳️	barco de pasajeros	barco|barco de pasajeros|pasajeros|vehículo
🛴	patinete	patinete
🛵	scooter	escúter|moto|scooter
🛶	canoa	barca|barco|canoa|piragua
🛷	trineo	trineo
🛸	platillo volante	ovni|platillo volante
🛹	monopatín	monopatín|skateboard|tabla
🛺	mototaxi	mototaxi|rickshaw|tuk tuk
🛻	camioneta	camioneta|pickup|ranchera
🛼	patines	patín|patín de 4 ruedas|patín de cuatro ruedas|patines
🟠	círculo naranja	círculo|naranja
🟡	círculo amarillo	amarillo|círculo
🟢	círculo verde	círculo|verde
🟣	círculo morado	círculo|lila|morado|púrpura
🟤	círculo marrón	círculo|marrón
🟥	cuadrado rojo	cuadrado|rojo
🟦	cuadrado azul	azul|cuadrado
🟧	cuadrado naranja	cuadrado|naranja
🟨	cuadrado amarillo	amarillo|cuadrado
🟩	cuadrado verde	cuadrado|verde
🟪	cuadrado morado	cuadrado|lila|morado|púrpura
🟫	cuadrado marrón	cuadrado|marrón
🟰	signo igual grueso	equivalencia|igualdad|matemáticas|mates|signo igual grueso
🤌	dedos juntos apuntando hacia arriba	dedos|dedos juntos apuntando hacia arriba|gesto|italia|italiano|mano|sarcasmo
🤍	corazón blanco	blanco|corazón|emoción
🤎	corazón marrón	corazón|emoción|marrón
🤏	mano pellizcando	mano pellizcando|pellizco|poco|poquito
🤐	cara con la boca cerrada con cremallera	boca|cara|cara con la boca cerrada con cremallera|cremallera
🤑	cara con lengua de dinero	boca|cara|cara con lengua de dinero|dinero
🤒	cara con termómetro	cara|cara con termómetro|enfermo|malo|termómetro
🤓	cara de empollón	cara|cara de empollón|empollón|friki|friqui
🤔	cara pensativa	cara|cara pensativa|duda|pensando
🤕	cara con la cabeza vendada	cara|cara con la cabeza vendada|dolor|herida|venda
🤖	robot	cara|monstruo|robot
🤗	cara con manos abrazando	abrazo|cara|cara con manos abrazando|sonrisa
🤘	mano haciendo el signo de cuernos	cuernos|dedo|mano|mano haciendo el signo de cuernos|rock
🤙	mano haciendo el gesto de llamar	llamar|mano|mano haciendo el gesto de llamar|meñique|pulgar
🤚	dorso de la mano	dorso|dorso de la mano|levantado|mano
🤛	puño hacia la izquierda	izquierda|puño|puño hacia la izquierda
🤜	puño hacia la derecha	derecha|puño|puño hacia la derecha
🤝	apretón de manos	acuerdo|apretón|apretón de manos|manos
🤞	dedos cruzados	cruzar|dedos|dedos cruzados|mano|suerte
🤟	gesto de te quiero	gesto de te quiero|mano|quiero
🤠	cara con sombrero de vaquero	cara|cara con sombrero de vaquero|sombrero|vaquera|vaquero
🤡	cara de payaso	cara|cara de payaso|payaso
🤢	cara de náuseas	cara|cara de náuseas|náuseas|vomitar
🤣	cara revolviéndose de la risa	cara|cara revolviéndose de la risa|carcajada|ojos cerrados|risa
🤤	cara babeando	baba|babeando|cara
🤥	cara de mentiroso	cara|cara de mentiroso|mentiroso|nariz|pinocho
🤦	persona con la mano en la frente	facepalm|frente|incredulidad|mano|persona con la mano en la frente
🤦‍♀️	mujer con la mano en la frente	facepalm|frente|incredulidad|mano|mujer con la mano en la frente
🤦‍♂️	hombre con la mano en la frente	facepalm|frente|hombre con la mano en la frente|incredulidad|mano
🤧	cara estornudando	cara|cara estornudando|estornudar|estornudo|pañuelo
🤨	cara con ceja alzada	cara con ceja alzada|desconfiado|escéptico
🤩	cara sonriendo con estrellas	cara|cara sonriendo con estrellas|estrellas|sonrisa
🤪	cara de loco	cara de loco|grande|ojo|pequeño
🤫	cara pidiendo silencio	callado|cara pidiendo silencio|silencio
🤬	cara con símbolos en la boca	cara con símbolos en la boca|maldecir|palabrota|símbolo
🤭	cara con mano sobre la boca	cara con mano sobre la boca|ostras|uy|vaya
🤮	cara vomitando	cara vomitando|enfermo|malo|vomitar
🤯	cabeza explotando	cabeza|cabeza explotando|explosión
🤰	mujer embarazada	embarazada|mujer
🤱	lactancia materna	amamantar|bebé|dar pecho|lactancia materna|pecho
🤲	palmas hacia arriba juntas	oración|palmas hacia arriba juntas
🤳	selfi	autofoto|cámara|selfi|selfie|teléfono
🤴	príncipe	corona|príncipe
🤵	persona con esmoquin	esmoquin|novio|persona|persona con esmoquin
🤵‍♀️	mujer con esmoquin	esmoquin|mujer|mujer con esmoquin
🤵‍♂️	hombre con esmoquin	esmoquin|hombre|hombre con esmoquin
🤶	Mamá Noel	celebración|claus|cuento|fantasía|feliz|fiestas|madre|Mamá Noel|Navidad|santa
🤷	persona encogida de hombros	duda|encogerse|hombros|indiferencia|persona encogida de hombros
🤷‍♀️	mujer encogida de hombros	duda|encogerse|hombros|indiferencia|mujer encogida de hombros
🤷‍♂️	hombre encogido de hombros	duda|encogerse|hombre encogido de hombros|hombros|indiferencia
🤸	persona haciendo voltereta lateral	acrobacia|gimnasia|persona haciendo voltereta lateral|pirueta|rueda|voltereta
🤸‍♀️	mujer dando una voltereta lateral	deporte|gimnasia|mujer|mujer dando una voltereta lateral|rueda|voltereta
🤸‍♂️	hombre dando una voltereta lateral	deporte|gimnasia|hombre|hombre dando una voltereta lateral|rueda|voltereta
🤹	persona haciendo malabares	equilibrio|malabares|malabarismo|malabarista|persona haciendo malabares
🤹‍♀️	mujer haciendo malabares	malabares|malabarismo|malabarista|mujer|mujer haciendo malabares
🤹‍♂️	hombre haciendo malabares	hombre|hombre haciendo malabares|malabares|malabarismo|malabarista
🤺	persona haciendo esgrima	esgrima|esgrimista|espada|persona haciendo esgrima
🤼	personas luchando	lucha|luchador|personas luchando
🤼‍♀️	mujeres luchando	deporte|lucha|luchadora|mujer|mujeres luchando
🤼‍♂️	hombres luchando	deporte|hombre|hombres luchando|lucha|luchador
🤽	persona jugando al waterpolo	persona jugando al waterpolo|waterpolista|waterpolo
🤽‍♀️	mujer jugando al waterpolo	agua|deporte|mujer jugando al waterpolo|waterpolista|waterpolo
🤽‍♂️	hombre jugando al waterpolo	agua|deporte|hombre jugando al waterpolo|waterpolista|waterpolo
🤾	persona jugando al balonmano	balonmanista|balonmano|persona jugando al balonmano
🤾‍♀️	mujer jugando al balonmano	balonmanista|balonmano|deporte|mujer|mujer jugando al balonmano
🤾‍♂️	hombre jugando al balonmano	balonmanista|balonmano|deporte|hombre|hombre jugando al balonmano
🤿	máscara de buceo	bucear|buzo|esnórquel|máscara|máscara de buceo|tubo
🥀	flor marchita	flor|marchita|marchitada|marchitarse
🥁	tambor	baquetas|música|tambor
🥂	copas brindando	bebida|brindar|brindis|celebración|copa|copas brindando
🥃	vaso de whisky	chupito|copa|licor|vaso|vaso de whisky|whisky
🥄	cuchara	cubiertos|cuchara|cucharilla
🥅	portería	deporte|portería|red
🥇	medalla de oro	medalla|medalla de oro|oro|primero
🥈	medalla de plata	medalla|medalla de plata|plata|segundo
🥉	medalla de bronce	bronce|medalla|medalla de bronce|tercero
🥊	guante de boxeo	boxeo|deporte|guante|guante de boxeo
🥋	uniforme de artes marciales	artes marciales|judo|kárate|taekwondo|uniforme de artes marciales
🥌	piedra de curling	juego|piedra de curling|roca
🥍	lacrosse	bola|lacrosse|palo|pelota|raqueta
🥎	pelota de softball	bola|pelota|pelota de softball|softball
🥏	disco volador	disco|disco volador|frisbee
🥐	cruasán	bollo|comida|croissant|cruasán|francés
🥑	aguacate	aguacate|comida|fruta
🥒	pepino	comida|pepinillo|pepino|verdura
🥓	beicon	bacon|beicon|carne|comida|panceta
🥔	patata	comida|papa|patata|verdura
🥕	zanahoria	comida|verdura|zanahoria
🥖	baguete	baguete|baguette|barra|comida|francés|pan
🥗	ensalada	bol|comida|ensalada|verde
🥘	paella	arroz|comida|paella
🥙	pan relleno	comida|durum|falafel|kebab|pan de pita|pan relleno
🥚	huevo	comida|huevo
🥛	vaso de leche	bebida|leche|vaso|vaso de leche
🥜	cacahuetes	cacahuete|cacahuetes|comida|fruto seco|verdura
🥝	kiwi	comida|fruta|kiwi
🥞	tortitas	comida|dulce|pancakes|postre|tortita|tortitas
🥟	dumpling	comida|dumpling|gyōza|jiaozi|masa
🥠	galleta de la fortuna	adivinación|galleta de la fortuna|profecía|superstición
🥡	caja para llevar	caja para llevar|recipiente para llevar|restaurante
🥢	palillos	cubiertos|hashi|palillos
🥣	cuenco con cuchara	cereal|cuenco con cuchara|desayuno
🥤	vaso con pajita	refresco|vaso con pajita|zumo
🥥	coco	coco|palmera|piña colada
🥦	brócoli	brócoli|col|repollo
🥧	pastel	masa|pastel|relleno
🥨	bretzel	bretzel|galleta salada|pretzel
🥩	corte de carne	carne|chuleta|corte de carne|filete
🥪	sándwich	bocadillo|bocata|emparedado|sándwich
🥫	comida enlatada	comida enlatada|conserva|lata
🥬	verdura de hoja verde	bok choy|col|kale|lechuga|pak choi|verdura de hoja verde
🥭	mango	fruta|mango|tropical
🥮	pastel de luna	festival|luna|otoño|pastel de luna|yuebing
🥯	bagel	bagel|bocadillo|pan|panadería
🥰	cara sonriendo con corazones	adorar|amor|cara sonriendo con corazones|corazones|enamorada|enamorado
🥱	cara de bostezo	aburrido|bostezo|cansado|cara de bostezo|dormido|sueño
🥲	cara sonriente con lágrima	agradecido|aliviado|cara sonriente con lágrima|emocionado|lágrima|orgulloso|sonrisa
🥳	cara de fiesta	capirote|cara de fiesta|celebración|fiesta|gorro|matasuegras
🥴	cara de grogui	atontado|cara de grogui|entonado|grogui|intoxicado|mareado
🥵	cara con calor	calor|cara con calor|cara roja|fiebre|golpe de calor|sudor
🥶	cara con frío	cara con frío|cara congelada|congelado|frío|helado
🥷	ninja	furtivo|guerrero|luchador|ninja|oculto|sigilo
🥸	cara disfrazada	cara disfrazada|careta|disfraz|disimulo|gafas|incógnito|nariz
🥹	cara aguantándose las lágrimas	cara aguantándose las lágrimas|emoción|emocionado|llorar|orgulloso|resistir|triste
🥺	cara suplicante	cara suplicante|implorar|ojos adorables|piedad|por favor
🥻	sari	prenda|ropa|sari|vestido
🥼	bata de laboratorio	bata de laboratorio|científico|doctor|experimento|médico
🥽	gafas de protección	gafas|gafas de protección|nadar|protección ocular|soldar
🥾	bota de senderismo	bota|bota de senderismo|camping|mochilero|senderismo
🥿	bailarina	bailarina|calzado|zapato
🦀	cangrejo	animal|cáncer|cangrejo|zodiaco
🦁	león	cara|leo|león|zodiaco
🦂	escorpión	escorpio|escorpión|zodiaco
🦃	pavo	ave|pavo
🦄	unicornio	cara|unicornio
🦅	águila	águila|ave
🦆	pato	ave|pato
🦇	murciélago	murciélago|vampiro
🦈	tiburón	pez|tiburón
🦉	búho	ave|búho|lechuza|pájaro
🦊	zorro	cara|zorro
🦋	mariposa	bonito|insecto|mariposa
🦌	ciervo	bambi|cervatillo|ciervo
🦍	gorila	gorila|primate|simio
🦎	lagarto	lagartija|lagarto|reptil
🦏	rinoceronte	paquidermo|rinoceronte
🦐	gamba	camarón|comida|gamba|langostino|marisco
🦑	calamar	calamar|comida|molusco
🦒	jirafa	jirafa|manchas
🦓	cebra	cebra|raya
🦔	erizo	erizo|espinas|púas
🦕	saurópodo	braquiosaurio|brontosaurio|diplodocus|saurópodo
🦖	t-rex	t-rex|tiranosaurio|tiranosaurio rex
🦗	grillo	grillo|saltamontes
🦘	canguro	canguro|marsupial|saltar|salto
🦙	llama	alpaca|guanaco|lana|llama|vicuña
🦚	pavo real	ave|orgulloso|pavo|pavo real|plumas
🦛	hipopótamo	hipopótamo|paquidermo
🦜	loro	ave|hablar|loro|papagayo|pirata
🦝	mapache	astuto|curioso|ladino|mapache|maquillaje|ojeras
🦞	bogavante	bogavante|langosta|marisco|pinzas
🦟	mosquito	fiebre|insecto|malaria|mosquito|virus
🦠	microbio	ameba|bacteria|germen|microbio|virus
🦡	tejón	ratel|tejón|tejón de la miel|tejón melero
🦢	cisne	ave|cisne|patito feo
🦣	mamut	colmillo|extinguido|lanudo|mamut
🦤	dodo	ave|dodo|dronte|extinguido|Mauricio|pájaro
🦥	perezoso	gandul|lento|perezoso|vago
🦦	nutria	bromista|juguetón|nutria|pesca
🦧	orangután	mono|orangután|primate|simio
🦨	mofeta	apestar|hedor|mal olor|mofeta|peste|tufo
🦩	flamenco	extravangante|flamenco|ostentoso|tropical
🦪	ostra	buceo|ostra|perla
🦫	castor	castor|roedor
🦬	bisonte	bisonte|búfalo|cíbolo
🦭	foca	foca|león marino
🦮	perro guía	accesibilidad|ciego|guía|invidente|lazarillo|perro guía
🦯	bastón	accesibilidad|bastón|ceguera|ciega|ciego|invidente
🦴	hueso	esqueleto|hueso
🦵	pierna	extremidad|patada|pierna
🦶	pie	patada|pie|pisotón
🦷	diente	dentista|diente|molar|muela
🦸	personaje de superhéroe	bien|héroe|heroína|personaje de superhéroe|superhéroe|superheroína|superpoder
🦸‍♀️	superheroína	bondad|héroe|heroína|mujer|superhéroe|superheroína|superpoder
🦸‍♂️	superhéroe	bueno|héroe|hombre|superhéroe|superhombre|superpoder
🦹	personaje de supervillano	mal|personaje de supervillano|superpoder|supervillana|supervillano|villana|villano
🦹‍♀️	supervillana	mal|malvada|mujer|supervillana|villana
🦹‍♂️	supervillano	hombre|mal|malvado|supervillano|villano
🦺	chaleco de seguridad	chaleco|chaleco de seguridad|emergencia|seguridad
🦻	oreja con audífono	accesibilidad|audífono|oreja con audífono|prótesis auditiva|sordo
🦼	silla de ruedas eléctrica	accesibilidad|silla de ruedas eléctrica
🦽	silla de ruedas manual	accesibilidad|silla de ruedas manual
🦾	brazo mecánico	accesibilidad|brazo mecánico|ortopedia|prótesis
🦿	pierna mecánica	accesibilidad|ortopedia|pierna mecánica|prótesis
🧀	cuña de queso	cuña|cuña de queso|queso|trozo
🧁	magdalena	cupcake|dulce|magdalena|repostería
🧂	sal	condimento|sal|salero
🧃	tetrabrik	brick|cartón|envase|tetrabrik|zumo
🧄	ajo	ajo|condimento|vampiro
🧅	cebolla	cebolla|condimento|llorar
🧆	falafel	albóndiga|falafel|garbanzo
🧇	gofre	gofre|waffle
🧈	mantequilla	lácteo|mantequilla
🧉	mate	bebida|infusión|mate
🧊	cubito de hielo	cubito de hielo|frío|iceberg
🧋	té de burbujas	boba|bubble tea|burbuja|leche|perla|té|té de burbujas
🧌	trol	cuento de hadas|fantasía|monstruo|trol
🧍	persona de pie	de pie|levantada|levantado|levantarse|persona de pie
🧍‍♀️	mujer de pie	de pie|levantada|levantarse|mujer|mujer de pie
🧍‍♂️	hombre de pie	de pie|hombre|hombre de pie|levantado|levantarse
🧎	persona de rodillas	arrodillada|arrodillado|arrodillarse|de rodillas|persona de rodillas
🧎‍♀️	mujer de rodillas	arrodillada|arrodillarse|de rodillas|mujer|mujer de rodillas
🧎‍♂️	hombre de rodillas	arrodillado|arrodillarse|de rodillas|hombre|hombre de rodillas
🧏	persona sorda	accesibilidad|escuchar|oído|oír|persona sorda|sordera
🧏‍♀️	mujer sorda	mujer|sorda|sordera
🧏‍♂️	hombre sordo	hombre|sordera|sordo
🧐	cara con monóculo	aristocrático|cara con monóculo|estirado
🧑	persona adulta	género|neutro|persona adulta
🧑‍⚕️	profesional sanitario	doctor|enfermero|médico|profesional sanitario|salud|terapeuta
🧑‍⚖️	fiscal	fiscal|juez|juicio|magistrado
🧑‍✈️	piloto	avión|capitán|piloto|vuelo
🧑‍🌾	profesional de la agricultura	agricultor|cultivador|granjero|jardinero|labrador|profesional de la agricultura
🧑‍🍳	chef	chef|cocinero|cocinillas|guisandero|pinche
🧑‍🍼	persona alimentando a bebé	alimentar|amamantar|bebé|lactancia|persona|persona alimentando a bebé
🧑‍🎄	Noel	celebración|claus|cuento|fantasía|feliz|fiestas|Navidad|Noel|santa
🧑‍🎓	estudiante	estudiante|graduado|licenciado|universitario
🧑‍🎤	cantante	artista|cantante|estrella|rock
🧑‍🎨	artista	artista|paleta|pintor|pinturas
🧑‍🏫	docente	docente|educador|enseñanza|instructor|maestro|profesor
🧑‍🏭	profesional industrial	fábrica|montaje|obrero|operario|profesional industrial|trabajador
🧑‍💻	profesional de la tecnología	desarrollador|informático|profesional de la tecnología|programador|software|tecnólogo
🧑‍💼	oficinista	arquitecto|director|ejecutivo|empresa|oficinista
🧑‍🔧	profesional de la mecánica	electricista|fontanero|mecánico|operario|profesional de la mecánica|técnico
🧑‍🔬	profesional de la ciencia	biólogo|científico|físico|investigador|profesional de la ciencia|químico
🧑‍🚀	astronauta	astronauta|cohete|espacio
🧑‍🚒	bombero	bombero|camión|manguera
🧑‍🤝‍🧑	dos personas de la mano	dos personas de la mano|mano|pareja|persona
🧑‍🦯	persona con bastón	accesibilidad|ciego|invidente|persona con bastón
🧑‍🦼	persona en silla de ruedas eléctrica	accesibilidad|persona en silla de ruedas eléctrica|silla de ruedas
🧑‍🦽	persona en silla de ruedas manual	accesibilidad|persona en silla de ruedas manual|silla de ruedas
🧑‍🧑‍🧒	familia: adulto, adulto, niño	adulto|familia|niño
🧑‍🧑‍🧒‍🧒	familia: adulto, adulto, niño, niño	adulto|familia|niño
🧑‍🧒	familia: adulto, niño	adulto|familia|niño
🧑‍🧒‍🧒	familia: adulto, niño, niño	adulto|familia|niño
🧑‍🩰	bailarina de ballet	bailarín|bailarina|ballet
🧒	infante	crío|género|infante|joven|neutro
🧓	persona mayor	adulto|género neutro|género no especificado|maduro|mayor|persona mayor
🧔	persona con barba	barbas|barbudo|persona|persona con barba
🧔‍♀️	mujer: barba	barba|mujer|mujer: barba
🧔‍♂️	hombre: barba	barba|hombre|hombre: barba
🧕	mujer con hiyab	hiyab|mujer con hiyab|pañuelo
🧖	persona en una sauna	persona en una sauna|sauna|vapor
🧖‍♀️	mujer en una sauna	mujer en una sauna|sauna|vapor
🧖‍♂️	hombre en una sauna	hombre en una sauna|sauna|vapor
🧗	persona escalando	alpinista|escalador|persona escalando
🧗‍♀️	mujer escalando	alpinista|escaladora|mujer escalando
🧗‍♂️	hombre escalando	alpinista|escalador|hombre escalando
🧘	persona en posición de loto	meditación|persona en posición de loto|yoga
🧘‍♀️	mujer en posición de loto	meditación|mujer en posición de loto|yoga
🧘‍♂️	hombre en posición de loto	hombre en posición de loto|meditación|yoga
🧙	persona maga	bruja|brujo|hechicera|hechicero|persona maga
🧙‍♀️	maga	bruja|hechicera|maga
🧙‍♂️	mago	brujo|hechicero|mago
🧚	hada	campanilla|hada|oberón|puck|titania
🧚‍♀️	hada mujer	campanilla|hada|hada mujer|titania
🧚‍♂️	hada hombre	hada|hada hombre|oberón|puck
🧛	vampiro	drácula|muerto viviente|no muerto|vampiro
🧛‍♀️	vampiresa	muerta viviente|no muerta|vampiresa
🧛‍♂️	vampiro hombre	drácula|muerto viviente|no muerto|vampiro hombre
🧜	persona sirena	persona sirena|sirena|tritón
🧜‍♀️	sirena	sirena
🧜‍♂️	sirena hombre	sirena|sirena hombre|tritón
🧝	elfo	elfo|mágico
🧝‍♀️	elfa	elfa|mágico|mujer
🧝‍♂️	elfo hombre	elfo|elfo hombre|mágico
🧞	genio	genio|lámpara
🧞‍♀️	genio mujer	genio|genio mujer|lámpara
🧞‍♂️	genio hombre	djinn|genio|genio hombre|lámpara
🧟	zombi	muerto viviente|no muerto|zombi
🧟‍♀️	zombi mujer	caminante|muerta viviente|no muerta|zombi mujer
🧟‍♂️	zombi hombre	caminante|muerto viviente|no muerto|zombi hombre
🧠	cerebro	cerebro|inteligente
🧡	corazón naranja	corazón|emoción|naranja
🧢	gorra con visera	béisbol|gorra|gorra con visera|visera
🧣	bufanda	abrigo|bufanda|cuello
🧤	guantes	guantes|mano
🧥	abrigo	abrigo|chaquetón
🧦	calcetines	calcetines|pies|ropa
🧧	sobre rojo	buena suerte|hóngbāo|lai see|regalo|sobre rojo
🧨	petardo	dinamita|explosivo|fuegos artificiales|petardo
🧩	pieza de puzle	conectar|pieza|pieza de puzle|pista|puzle|rompecabezas
🧪	tubo de ensayo	ciencia|experimento|laboratorio|química|químico|tubo de ensayo
🧫	placa de petri	bacterias|biología|biólogo|cultivo|laboratorio|placa de petri
🧬	adn	adn|biólogo|evolución|gen|genética|vida
🧭	brújula	brújula|compás|magnético|navegación|orientación
🧮	ábaco	ábaco|cálculo|contar|matemáticas
🧯	extintor	apagar|extinguir|extintor|incendio
🧰	caja de herramientas	armario|caja de herramientas|herramienta|mecánico
🧱	ladrillo	arcilla|cemento|ladrillo|muro|pared
🧲	imán	atracción|herradura|imán|magnético
🧳	equipaje	equipaje|maleta|viajar
🧴	bote de crema	bote de crema|champú|crema|hidratante|protector solar
🧵	hilo	aguja|carrete|coser|costura|hilo
🧶	ovillo	bola|croché|ovillo|punto|tejer
🧷	imperdible	imperdible|pañal|punk rock
🧸	osito de peluche	juguete|osito de peluche|oso|peluche
🧹	escoba	barrer|bruja|escoba|fregar
🧺	cesta	cesta|colada|cosecha|pícnic
🧻	rollo de papel	papel absorbente|papel higiénico|rollo de papel
🧼	jabón	bañarse|enjabonarse|jabón|jabonera|lavarse|pastilla
🧽	esponja	absorbente|esponja|limpiar|poroso
🧾	recibo	contabilidad|prueba|recibo|teneduría de libros|testimonio
🧿	ojo turco	amuleto|mal de ojo|nazar|ojo turco|talismán
🩰	zapatillas de ballet	bailar|balé|ballet|danza|zapatillas de ballet
🩱	traje de baño de una pieza	bañador|traje de baño de una pieza
🩲	ropa interior	bañador|bragas|braguitas|calzoncillos|ropa interior|slip
🩳	pantalones cortos	bañador|bermudas|calzoncillos|pantalones cortos|ropa interior|shorts
🩴	chancla	chancla|chancla de dedo|chancleta|chinela|sandalia
🩵	corazón azul claro	azul|celeste|cián|claro|corazón
🩶	corazón gris	corazón|gris|pizarra|plata
🩷	corazón rosa	amor|bonito|corazón|gustar|rosa
🩸	gota de sangre	donación de sangre|donar sangre|gota de sangre|herida|medicina|sangre
🩹	tirita	apósito|tirita
🩺	estetoscopio	corazón|doctor|estetoscopio|fonendoscopio|latido|medicina|médico
🩻	radiografía	doctor|doctora|esqueleto|huesos|médico|radiografía|rayos
🩼	muleta	ayuda para la movilidad|bastón|discapacidad|lesión|muleta|palo
🪀	yoyó	dieta|efecto|fluctuar|juguete|yoyó
🪁	cometa	cometa|juguete|planear|viento|volar
🪂	paracaídas	ala delta|paracaídas|paracaidismo|paravela|volar
🪃	bumerán	boomerang|bumerán|rebotar
🪄	varita mágica	bruja|hechicero|magia|mago|prestidigitación|varita|varita mágica
🪅	piñata	caballito|celebración|fiesta|piñata
🪆	muñeca rusa	babushka|mamushka|matrioska|muñeca rusa|rusia
🪇	maracas	agitar|brasil|instrumento|maracas|movimiento|música|percusión
🪈	flauta	flauta|flautín|instrumento|instrumento de viento madera|música
🪉	arpa	amor|arpa|cupido|harpa|instrumento|música|orquesta
🪊	trombón	instrumento|jazz|metal|música|triste|viento
🪎	cofre de tesoro	botín|dinero|joyas|objetos de valor|oro|piedras preciosas|plata|premio|riqueza
🪏	pala	agujero|cavar|enterrar|excavar|hoyo|huerto|nieve|pala|planta
🪐	planeta con anillos	planeta con anillos|saturnino|saturno
🪑	silla	asiento|sentarse|silla
🪒	cuchilla de afeitar	afeitado|afeitar|afilado|barbero|cuchilla de afeitar|navaja
🪓	hacha	cortar|dividir|hacha|hachuela|madera|talar
🪔	lámpara de aceite	aceite|diya|lámpara|lámpara de aceite
🪕	banjo	banjo|banyo|cuerda|instrumento|música
🪖	casco militar	casco|casco militar|ejército|guerra|guerrero|soldado
🪗	acordeón	acordeón|concertina
🪘	tamboril	conga|ritmo|tambor|tamboril
🪙	moneda	dinero|metal|moneda|oro|plata|tesoro
🪚	sierra de carpintería	carpintería|carpintero|herramienta|sierra|sierra de carpintería|talar
🪛	destornillador	atornillador|destornillador|herramienta|tornillo
🪜	escalera	escalar|escalera|escalerilla|escalón|peldaño
🪝	gancho	agarrar|anzuelo|atrapar|gancho|garfio
🪞	espejo	espéculo|espejo|reflector|reflejo
🪟	ventana	abertura|apertura|cristal|marco|transparente|ventana|vista
🪠	desatascador	desatascador|fontanero|retrete|servicio|succión
🪡	aguja de coser	aguja|aguja de coser|bordado|coser|hilar|punto|tejer
🪢	nudo	anudar|atar|enredar|nudo|trenzar
🪣	cubo	balde|barreño|cuba|cubeta|cubo
🪤	trampa de ratones	cebo|cepo|engañar|ratón|ratonera|trampa|trampa de ratones
🪥	cepillo de dientes	cepillo|cepillo de dientes|dental|higiene|limpio|servicio
🪦	lápida	cementario|estela|lápida|sepulcro|tumba
🪧	letrero	anuncio|aviso|cartel|letrero|pancarta|poste
🪨	piedra	pedrusco|peña|peñasco|piedra|roca
🪩	bola de espejos	bailar|bola de espejos|brillar|disco|discoteca|fiesta
🪪	carné de identidad	carné de conducir|carné de identidad|credenciales|identificación|permiso|seguridad
🪫	batería baja	batería|batería baja|carga baja|electrónico|energía baja|pila
🪬	hamsa	amuleto|Fátima|hamsa|jamsa|mano|María|Miriam
🪭	abanico abierto	abanico|abanico abierto|airear|bailar|calor|feria|flamenco
🪮	peineta	afro|peine|peineta|pelo
🪯	khanda	khanda|religión|sij|sijismo|sikh
🪰	mosca	basura|bicho|mal olor|mosca|podrido
🪱	gusano	gusano|lombriz|oruga|parásito
🪲	escarabajo	bicho|escarabajo|insecto
🪳	cucaracha	alimaña|bicho|cucaracha|insecto|plaga
🪴	planta de maceta	crecer|maceta|planta|planta de maceta|tiesto
🪵	madera	hoguera|leña|madera|madero|palos|tronco
🪶	pluma	ave|ligero|pájaro|pluma|plumaje
🪷	loto	budismo|flor|hinduismo|loto|pureza
🪸	coral	arrecife|coral|océano
🪹	nido vacío	anidación|anidamiento|anidar|nido vacío
🪺	nido con huevos	anidación|anidamiento|anidar|nido con huevos
🪻	campanilla	boca de dragón|campanilla|flor|jacinto|lavanda|lila|lupino
🪼	medusa	invertebrado|marino|medusa|picadura|picar
🪽	ala	ala|ángel|angelical|ave|mitología|pájaro|volar
🪾	árbol sin hojas	árbol|deshojado|estéril|invierno|madera|muerto|ramas|sequía|sin hojas|tronco
🪿	oca	ave|ganso|graznar|oca|pájaro
🫀	corazón humano	anatomía|cardiología|corazón|corazón humano|latido|órgano|pulso
🫁	pulmones	exhalar|inhalar|órgano|pulmones|respiración|respirar
🫂	personas abrazándose	abrazo|adiós|despedida|gracias|personas abrazándose|saludo
🫃	hombre embarazado	barriga|embarazado|hinchado|hinchazón|hombre embarazado|inflado|lleno
🫄	persona embarazada	barriga|embarazo|gestación|hinchazón|persona embarazada
🫅	persona con corona	majestad|monarca|monarquía|noble|persona con corona|real|realeza
🫆	huella dactilar	delito|detective|forense|huella|huella dactilar|huella digital|identidad|misterio|rastro|seguridad
🫈	criatura peluda	bigfoot|bosque|críptido|gigante|monstruo|peludo|sasquatch|yeti
🫍	orca	ballena|mar|marino|océano
🫎	alce	alce|animal|asta|ciervo canadiense|cuernos|mamífero|uapití
🫏	burro	animal|asno|borrico|burro|mamífero|mula|terco
🫐	arándanos	arándano|arándanos|azul|baya|frutos del bosque|mirtilo
🫑	pimiento	ají|chile|morrón|pimiento|rojo|verdura
🫒	aceituna	aceituna|aperitivo|comida|oliva
🫓	pan sin levadura	arepa|naan|pan sin levadura|pita|tortilla
🫔	tamal	mejicano|mexicano|tamal|wrap
🫕	fondue	chocolate|fondue|olla|queso|suizo
🫖	tetera	bebida|infusión|té|tetera
🫗	líquido derramándose	bebida|derramar|líquido derramándose|vacío|vaso|verter
🫘	alubias	alubias|comida|habichuela roja|habichuelas|judía roja|judías|legumbre
🫙	tarro	almacenar|condimento|frasco|recipiente|salsa|tarro|vacío
🫚	raíz de jengibre	cerveza|especia|garganta|raíz|raíz de jengibre
🫛	vaina	edamame|guisante|judías|legumbre|soja|vaina|verdura
🫜	túberculo comestible	chirivía|comida|ensalada|huerto|nabo|rábano|raíz|remolacha|vegetariano|verdura
🫟	salpicadura	gotear|líquido|mancha|manchar|pintura|salpicadura|salpicar|tinta
🫠	cara derritiéndose	calor|cara derritiéndose|derretido|derretirse|desaparecer|fundirse|líquido
🫡	cara saludando	cara saludando|ejército|orden|saludo|sí|sol|vale
🫢	cara con ojos abiertos y boca tapada	alucinar|asombro|cara con ojos abiertos y boca tapada|increíble|sorpresa|vergüenza
🫣	cara tapada con ojo espiando	cara tapada con ojo espiando|espiar|fascinado|mirar|vistazo
🫤	cara con boca diagonal	cara con boca diagonal|decepción|decepcionado|escéptico|inseguro|jo|vaya
🫥	cara con línea de puntos	cara con línea de puntos|depresivo|deprimido|desaparecer|esconderse|introvertido|invisible
🫦	labio mordido	ansioso|incómodo|labio mordido|ligar|miedo|nervioso|preocupado
🫧	burbujas	bajo el agua|burbujas|eructar|jabón|limpiar
🫨	cara temblorosa	cara temblorosa|shock|temblar|terremoto|vibrar
🫩	cara con ojeras	agotado|agotamiento|cansado|cansancio|cara|extenuación|extenuado|ojeras|ojos|sueño
🫪	cara deformada	ansiedad|conmocionado|hinchado|pánico|sorprendido|vulnerable
🫯	nube de pelea	alboroto|altercado|bronca|desacuerdo|discusión|lucha|pelea
🫰	mano con dedo índice y pulgar cruzados	amor|caro|chasquido|corazón|dinero|mano con dedo índice y pulgar cruzados
🫱	mano hacia la derecha	a la derecha|derecha|mano|mano hacia la derecha
🫲	mano hacia la izquierda	a la izquierda|izquierda|mano|mano hacia la izquierda
🫳	mano con la palma hacia abajo	bajar|descartar|fuera|mano con la palma hacia abajo|no|quita|rechazar
🫴	mano con la palma hacia arriba	acércate|dame|mano con la palma hacia arriba|ofrecer|trae|ven
🫵	dedo índice apuntándote a ti	apuntar|dedo índice apuntándote a ti|ti|tú
🫶	manos formando un corazón	amor|manos formando un corazón
🫷	mano empujando hacia la izquierda	a la izquierda|choca esos cinco|detener|empujar|mano empujando hacia la izquierda|rechazar|stop
🫸	mano empujando hacia la derecha	a la derecha|choca esos cinco|detener|empujar|mano empujando hacia la derecha|rechazar|stop
